#taxpath	A01.bins	A02.bins	A03.bins	A05.bins	A06.bins	A07.bins	A08.bins	A09.bins	A10.bins	A11.bins	A12.bins	A13.bins	A14.bins	A15.bins	A16.bins	A17.bins	A18.bins	A19.bins	A20.bins	C141.bins	C142.bins	C143.bins	C144.bins	C145.bins	C146.bins	C147.bins	C148.bins	C149.bins	C150.bins	C151.bins	C152.bins	C153.bins	C154.bins	C155.bins	C156.bins	C157.bins	C158.bins	C159.bins	C160.bins	C161.bins	C162.bins	C163.bins	C164.bins	C165.bins	C166.bins	C167.bins	C168.bins	C169.bins	C170.bins	C171.bins	C172.bins	C173.bins	C174.bins	C175.bins	C176.bins	C177.bins	C178.bins	C179.bins	C180.bins	C181.bins	C182.bins	C183.bins	C184.bins	C197.bins	C198.bins	C199.bins	C200.bins	C201.bins	C202.bins	C203.bins	C204.bins	C205.bins	C206.bins	C207.bins	C208.bins
root__Root;domain__Eukaryota;phylum__unknown	681	927	858	606	820	1798	823	710	931	1607	1536	586	436	851	657	614	701	572	679	1818	2622	1818	1650	2508	2149	1449	1691	2392	2856	2803	550	425	3037	2715	2186	196	3098	191	2144	284	303	421	740	921	1551	1405	986	1485	1782	912	178	923	427	706	1201	1034	1829	1779	531	1361	1120	661	112	979	233	328	561	676	51	729	421	1579	1055	1376	961
root__Root;domain__Eukaryota;phylum__uncultured	11	8	6	6	4	8	2	5	6	9	6	0	2	12	7	0	0	0	0	12	20	51	6	34	29	19	45	50	9	25	4	1	13	40	46	4	25	3	30	9	4	2	7	2	8	7	2	6	9	1	1	10	20	2	15	10	13	16	6	9	11	19	0	3	0	0	4	4	0	3	3	9	2	11	6
root__Root;domain__Eukaryota;phylum__Zoopagomycota	25	397	3	7	41	5	239	0	116	43	7	207	4	1	49	7	15	16	6	17	37	64	28	57	13	17	43	57	22	17	8	0	15	31	88	1	20	2	30	19	13	9	22	27	29	30	20	38	36	44	8	1	4	0	2	8	13	3	0	3	4	2	1	0	1	0	15	40	3	20	0	8	4	14	1
root__Root;domain__Eukaryota;phylum__Vertebrata	0	1	2	0	0	1	3	0	0	0	1	0	0	0	0	2	0	0	0	0	0	2	0	0	0	0	0	0	0	0	0	1	0	0	1	0	0	0	0	0	0	0	0	0	1	0	0	0	0	0	0	7	2	17	25	18	30	21	2	5	15	0	0	0	0	0	0	0	0	0	0	0	0	0	0
root__Root;domain__Eukaryota;phylum__Tardigrada	0	0	0	0	0	0	3	0	2	0	0	0	0	0	0	0	1	0	3	0	0	0	0	3	0	1	0	0	1	0	1	0	0	0	0	0	0	0	0	0	0	1	2	0	3	1	0	0	3	0	0	0	1	0	0	0	0	0	3	0	0	0	0	0	0	0	0	0	0	0	0	0	0	0	0
root__Root;domain__Eukaryota;phylum__Schizoplasmodiida	0	0	0	0	0	0	1	0	0	0	0	0	0	0	0	0	1	0	0	0	0	0	0	0	0	0	0	0	0	0	0	0	0	0	0	0	0	0	0	0	0	0	0	0	0	0	0	0	0	1	0	0	0	0	0	1	0	0	0	0	0	0	0	0	0	0	0	0	0	0	0	1	0	0	0
root__Root;domain__Eukaryota;phylum__SAR	16	43	27	19	27	35	53	16	38	17	29	39	8	17	20	21	50	31	27	61	98	28	38	42	86	57	30	34	140	72	8	12	68	48	37	4	54	9	48	46	32	36	49	61	81	47	35	69	34	21	8	19	10	28	61	46	54	64	14	16	52	34	7	0	0	0	15	24	0	21	15	52	23	64	26
root__Root;domain__Eukaryota;phylum__Rotifera	5	417	32	14	17	51	222	38	120	25	29	253	3	40	23	174	256	246	357	745	432	121	131	102	710	127	123	121	873	589	48	162	287	148	259	65	244	49	206	177	256	270	343	564	616	531	512	682	711	565	118	28	3	18	20	102	251	123	7	11	49	7	3	6	2	0	30	38	1	4	18	11	21	95	56
root__Root;domain__Eukaryota;phylum__Rigifilida	0	2	0	0	0	2	2	4	2	4	0	3	1	0	0	0	0	1	1	12	10	0	5	4	1	2	0	0	25	4	0	1	5	0	0	0	3	3	2	0	0	0	1	0	0	1	0	0	1	0	0	4	5	6	16	10	7	13	1	3	2	2	1	1	0	0	8	9	0	8	1	1	1	6	2
root__Root;domain__Eukaryota;phylum__Retaria	0	0	0	0	0	0	0	0	0	0	0	0	0	0	0	0	0	0	0	0	0	0	0	0	0	0	0	0	0	0	0	0	0	0	0	0	0	0	0	0	0	0	0	0	0	0	0	0	0	0	0	0	0	0	0	1	0	1	0	0	0	0	0	0	0	0	0	0	0	0	0	0	0	0	0
root__Root;domain__Eukaryota;phylum__Prymnesiophyceae	0	0	0	0	0	0	0	0	0	0	0	0	0	0	0	0	0	0	0	0	0	0	0	0	0	0	0	0	0	0	0	0	0	2	1	0	0	0	0	0	0	0	0	0	0	0	0	0	0	0	0	0	0	0	0	0	0	0	0	0	0	0	0	0	0	0	0	0	0	0	0	0	0	0	0
root__Root;domain__Eukaryota;phylum__Protosteliida	1	1	0	2	0	9	2	5	2	0	2	1	1	1	2	0	0	1	0	2	0	0	1	0	0	1	0	0	0	0	1	0	0	0	0	1	0	0	0	0	0	0	0	0	0	0	0	1	0	0	0	0	0	0	1	0	4	2	1	1	1	4	0	2	0	0	4	0	0	0	0	0	0	0	0
root__Root;domain__Eukaryota;phylum__Protosporangiida	1	0	0	1	1	0	0	0	2	0	1	0	0	0	0	0	0	0	0	1	3	2	2	2	0	7	0	0	0	3	2	0	5	3	1	1	2	0	2	0	0	0	0	0	0	0	0	0	0	0	0	0	0	5	2	0	0	0	0	1	2	0	0	0	0	0	0	0	0	0	0	0	0	2	0
root__Root;domain__Eukaryota;phylum__Protalveolata	1	6	1	0	0	1	2	1	2	0	1	1	0	2	1	4	12	0	0	2	1	5	3	3	0	10	5	4	3	0	2	0	1	9	9	0	9	0	10	0	0	0	0	0	0	0	2	6	0	0	0	45	37	15	35	31	32	38	14	16	23	20	4	3	0	0	2	8	0	11	3	3	19	7	15
root__Root;domain__Eukaryota;phylum__Preaxostyla	0	0	0	0	0	0	0	0	0	0	0	0	0	0	0	0	0	0	0	0	0	0	0	0	0	0	0	0	0	0	0	0	0	0	0	0	2	0	0	0	0	0	0	0	0	0	0	0	0	0	0	0	0	0	0	0	0	0	0	0	0	0	0	0	0	0	0	0	0	0	0	0	0	0	0
root__Root;domain__Eukaryota;phylum__Porphyridiophyceae	0	0	0	0	0	0	0	0	0	0	0	0	0	1	0	0	0	0	0	0	0	0	0	0	0	0	0	0	0	0	0	0	0	0	0	0	0	0	0	0	0	0	0	0	0	0	0	0	0	0	0	0	0	0	0	0	0	0	0	0	0	0	0	0	0	0	0	0	0	0	0	0	0	0	0
root__Root;domain__Eukaryota;phylum__Porifera	3	0	2	1	1	0	0	0	0	0	1	0	0	0	0	0	0	0	0	0	0	13	6	6	4	1	11	11	1	1	0	0	3	10	6	0	1	0	1	0	1	0	0	0	6	0	0	0	0	0	0	3	0	0	0	0	0	1	0	0	0	1	0	0	0	0	0	0	0	0	0	0	0	0	0
root__Root;domain__Eukaryota;phylum__Platyhelminthes	14	125	118	18	4	24	308	23	67	6	4	124	27	174	129	0	0	0	0	2	3	0	0	0	4	0	0	0	6	2	0	0	2	0	0	1	0	2	0	2	1	1	0	0	1	5	3	0	1	0	0	3	7	0	2	5	12	0	0	0	1	0	0	0	0	0	1	0	0	0	0	0	0	0	0
root__Root;domain__Eukaryota;phylum__Picozoa	0	0	0	0	0	0	0	0	0	0	0	0	0	0	0	0	0	0	0	0	0	0	0	0	0	0	0	0	0	0	0	0	0	0	0	0	0	0	0	0	0	0	0	0	0	0	0	0	0	0	0	0	0	0	0	0	1	0	0	0	0	0	0	0	0	0	0	0	0	0	0	0	0	0	0
root__Root;domain__Eukaryota;phylum__Phragmoplastophyta	11	13	31	33	22	69	5	45	16	24	78	7	9	44	8	2	11	4	22	15	14	28	60	75	25	97	40	63	19	14	19	7	178	74	75	0	76	2	89	4	4	7	10	11	5	6	1	7	5	2	1	153	39	70	626	117	136	231	32	27	38	20	0	11	20	1	7	9	0	3	20	27	13	17	21
root__Root;domain__Eukaryota;phylum__Peronosporomycetes	4	12	71	705	44	18	12	2	11	2	33	8	0	3	16	1	2	2	4	27	47	29	31	19	41	25	25	5	47	14	15	7	22	48	23	2	38	1	46	17	20	27	30	96	112	20	21	16	27	21	7	317	92	130	327	271	215	228	74	51	65	114	9	2	0	0	8	1	0	0	3	0	0	0	1
root__Root;domain__Eukaryota;phylum__Pavlovophyceae	0	0	0	0	0	0	0	0	0	0	0	0	0	0	0	0	0	0	0	0	0	0	0	0	0	0	0	0	0	0	0	0	0	0	0	0	1	0	0	0	0	0	0	0	0	0	0	0	0	0	0	0	0	0	0	0	0	0	0	0	0	0	1	0	0	0	0	0	0	0	0	0	0	0	0
root__Root;domain__Eukaryota;phylum__Parabasalia	0	0	0	0	0	0	0	0	0	0	0	0	0	0	0	0	0	0	0	0	0	0	0	0	0	0	0	0	0	0	0	0	0	0	0	0	0	0	0	0	0	0	0	0	0	0	0	0	0	0	0	0	4	1	1	1	0	0	0	0	0	0	0	0	0	0	0	0	0	0	0	0	0	0	0
root__Root;domain__Eukaryota;phylum__NucleariidaeandFonticulagroup	16	10	8	25	8	57	29	30	31	9	26	11	0	122	17	0	0	1	3	4	8	21	60	80	11	69	41	92	2	0	62	1	352	147	21	0	182	0	141	0	0	0	0	0	0	0	0	0	0	0	0	3	2	5	9	3	5	6	2	0	8	0	0	0	0	0	0	0	0	0	0	0	2	0	1
root__Root;domain__Eukaryota;phylum__Neocallimastigomycota	10	3	9	27	7	12	2	9	7	11	16	5	4	8	22	0	0	1	0	3	6	38	15	12	4	7	31	30	7	3	1	0	2	16	12	0	11	0	20	0	0	1	1	0	0	0	0	0	0	1	0	1	1	3	0	2	1	7	2	0	0	1	0	0	0	0	0	0	0	0	0	0	0	0	0
root__Root;domain__Eukaryota;phylum__Nemertea	0	0	0	0	0	0	0	0	0	0	0	2	0	0	0	0	0	0	0	0	0	0	0	0	0	0	0	0	0	0	0	0	0	0	0	0	0	0	0	0	0	0	0	0	0	0	1	0	2	0	0	0	0	0	0	0	0	0	0	0	0	0	0	0	0	0	0	0	0	0	0	0	0	0	0
root__Root;domain__Eukaryota;phylum__Nematozoa	16	62	11	8	7	17	33	12	9	14	15	22	3	6	4	5	4	21	18	321	154	34	92	122	234	101	46	92	271	242	28	56	218	159	59	15	216	24	174	297	458	395	704	978	882	848	788	844	923	748	134	54	5	47	108	108	108	95	32	31	6	15	0	1	1	1	55	21	3	0	0	21	0	22	2
root__Root;domain__Eukaryota;phylum__Myxogastria	0	0	0	0	0	0	0	0	0	0	0	0	0	0	0	0	0	0	0	0	0	0	0	0	0	0	0	0	0	0	0	0	0	0	0	0	0	0	0	0	0	0	0	0	0	0	0	1	0	0	0	4	1	0	2	0	0	1	0	0	1	0	0	2	0	0	0	0	0	0	0	0	0	0	0
root__Root;domain__Eukaryota;phylum__Mucoromycota	1	3	1	13	0	1	0	0	0	2	1	0	0	2	8	0	0	0	0	8	11	2	1	4	1	2	3	1	7	7	3	2	0	8	5	0	5	0	4	0	0	0	2	0	0	0	0	1	0	0	0	5	5	1	8	5	2	6	4	4	4	6	1	0	1	0	0	0	0	0	0	1	0	0	0
root__Root;domain__Eukaryota;phylum__Mollusca	1	0	0	2	0	0	0	0	0	0	1	0	1	0	3	0	0	0	0	0	0	0	0	0	0	0	0	0	0	0	0	0	0	0	0	0	0	0	0	0	0	0	0	0	0	0	0	0	0	1	0	36	8	24	69	62	64	30	15	5	12	6	1	0	0	0	0	0	0	0	0	0	0	0	0
root__Root;domain__Eukaryota;phylum__Microsporidia	0	1	0	0	0	0	0	0	0	0	0	1	0	0	0	2	1	0	2	0	1	0	0	0	0	0	0	0	4	0	0	0	0	0	0	0	0	0	0	4	3	2	3	7	12	6	5	4	5	4	0	0	0	0	0	1	0	0	0	0	0	0	0	0	0	0	0	0	0	0	0	0	0	0	0
root__Root;domain__Eukaryota;phylum__MAST-8	0	0	0	0	0	0	0	0	0	0	0	0	0	0	0	0	0	0	0	0	0	0	0	0	0	0	0	0	0	0	0	0	0	2	1	0	0	0	0	0	0	0	0	0	0	0	0	0	0	0	0	0	0	0	0	0	0	0	0	0	0	0	0	0	0	0	0	0	0	0	0	0	0	0	0
root__Root;domain__Eukaryota;phylum__MAST-7	0	0	0	0	0	0	0	2	2	0	0	1	0	0	0	0	0	0	0	0	6	1	0	0	0	0	0	0	1	1	0	0	0	0	0	0	1	0	0	0	0	1	0	0	0	0	0	0	0	0	0	0	2	0	1	2	0	0	1	1	0	0	0	0	0	0	0	0	0	0	0	0	0	0	0
root__Root;domain__Eukaryota;phylum__MAST-6	0	0	0	0	0	0	0	0	0	0	0	0	0	0	0	0	0	0	0	0	0	0	1	0	0	0	0	0	0	0	0	0	0	0	0	0	0	0	0	0	0	0	0	0	0	0	0	0	0	0	0	0	0	0	1	4	1	0	0	0	1	0	0	0	0	0	0	0	0	0	0	0	0	0	0
root__Root;domain__Eukaryota;phylum__MAST-4	0	0	0	0	0	0	0	0	0	0	0	0	0	0	0	0	0	0	0	0	0	0	0	0	0	0	0	1	0	0	0	0	0	0	0	0	0	0	0	0	0	0	0	0	0	0	0	0	0	0	0	0	0	0	0	0	0	0	0	0	0	0	0	0	0	0	0	0	0	0	0	0	0	0	0
root__Root;domain__Eukaryota;phylum__MAST-3	1	0	0	0	0	0	0	0	0	0	0	0	0	0	0	0	0	0	0	0	0	0	0	0	0	1	0	0	0	0	0	0	0	4	0	0	2	0	0	0	0	0	0	0	0	0	0	0	0	0	0	0	0	0	0	0	0	0	0	0	0	0	0	0	0	0	0	0	0	0	0	0	0	0	0
root__Root;domain__Eukaryota;phylum__MAST-24	0	1	0	0	0	0	0	0	0	0	0	0	0	0	0	0	0	0	0	0	0	0	0	0	0	0	0	0	0	0	0	0	0	0	0	0	0	0	0	0	0	0	0	0	0	0	0	0	0	0	0	0	0	0	0	0	0	0	0	0	0	0	0	0	0	0	0	0	0	0	0	0	0	0	0
root__Root;domain__Eukaryota;phylum__MAST-2	0	0	0	0	0	0	0	0	0	0	0	0	0	0	0	0	0	0	0	0	0	0	0	0	0	0	0	0	0	0	0	0	0	0	0	0	0	0	0	0	0	0	0	0	0	0	0	0	0	0	0	0	2	0	0	0	0	0	0	1	1	1	0	0	0	0	0	0	0	0	0	0	0	0	0
root__Root;domain__Eukaryota;phylum__MAST-12	0	0	0	0	0	0	0	0	0	0	0	0	0	0	0	0	0	0	0	0	0	0	0	0	0	1	0	0	0	0	0	1	1	0	0	0	0	0	2	0	0	0	5	1	0	0	0	0	0	0	0	4	10	5	2	12	7	6	1	6	7	5	3	0	5	0	0	0	0	0	0	0	0	2	0
root__Root;domain__Eukaryota;phylum__MAST-1	0	0	0	0	0	0	0	0	0	0	0	0	0	0	0	0	0	0	0	0	0	0	0	0	0	0	0	0	0	0	0	0	0	0	0	0	0	0	0	0	0	0	0	0	0	0	0	0	0	0	0	0	0	0	1	0	0	0	0	0	0	0	0	0	0	0	0	0	0	0	0	0	0	0	0
root__Root;domain__Eukaryota;phylum__Labyrinthulomycetes	8	20	9	9	7	13	31	13	22	5	13	37	4	7	8	0	4	0	4	13	18	15	25	16	9	17	13	8	13	5	9	4	15	10	14	0	24	0	16	2	2	0	5	6	5	4	3	3	9	3	0	10	9	3	20	22	12	14	5	3	8	5	2	0	2	0	0	1	0	2	5	9	15	8	2
root__Root;domain__Eukaryota;phylum__LKM15	130	8	170	106	195	103	8	198	10	446	128	14	76	75	333	0	1	0	4	772	1215	10	49	60	725	74	11	28	1407	604	10	226	155	82	38	61	225	112	64	0	1	1	4	11	39	59	78	336	749	498	161	15	17	10	6	10	4	9	5	5	5	18	0	0	0	0	1	1	0	2	2	0	5	2	4
root__Root;domain__Eukaryota;phylum__Klebsormidiophyceae	1	0	0	0	0	0	0	0	0	0	0	0	0	0	0	0	0	0	0	8	5	20	21	55	11	66	27	62	13	38	9	1	72	13	29	0	38	2	16	0	0	0	0	0	0	0	0	0	0	0	0	9	1	1	0	0	2	1	0	4	0	0	0	0	0	0	0	0	0	0	0	0	0	0	0
root__Root;domain__Eukaryota;phylum__Kathablepharidae	0	0	0	0	0	0	0	0	0	0	0	0	0	0	0	0	0	0	0	1	0	0	0	1	0	1	0	0	0	0	1	0	1	0	0	0	5	0	2	0	0	0	0	0	0	0	0	0	0	0	0	2	0	1	0	4	2	3	2	1	0	1	0	0	0	0	0	0	0	0	0	0	0	0	0
root__Root;domain__Eukaryota;phylum__IncertaeSedis	1	0	0	0	0	0	0	0	0	0	0	0	0	0	0	0	1	0	0	2	2	0	0	0	4	1	0	0	7	3	2	0	0	1	0	0	1	0	3	1	2	0	2	0	2	0	0	0	0	0	0	0	5	0	3	10	7	0	4	1	5	5	0	0	0	0	0	0	0	0	6	0	0	0	2
root__Root;domain__Eukaryota;phylum__Hyphochytriomycetes	2	6	0	0	2	0	4	0	2	1	0	8	0	0	1	3	0	1	0	72	59	0	0	0	60	0	0	0	85	47	0	19	0	1	0	1	0	7	0	11	12	17	31	41	59	32	59	39	41	31	5	0	0	0	0	1	0	0	0	0	0	0	0	0	0	0	1	1	0	1	2	0	1	0	0
root__Root;domain__Eukaryota;phylum__Heterolobosea	0	1	1	0	1	0	0	0	1	1	2	0	0	0	0	6	1	6	5	0	0	5	0	0	0	0	4	4	1	1	0	0	1	5	6	0	0	0	0	0	1	0	0	0	2	0	1	0	3	0	0	5	4	14	13	15	17	15	5	3	5	5	0	13	43	3	71	12	0	13	20	20	7	3	2
root__Root;domain__Eukaryota;phylum__Gracilipodida	5	6	0	1	4	0	2	2	3	6	0	5	0	0	2	0	0	0	0	0	0	0	0	0	0	0	0	0	0	2	0	0	0	0	0	0	0	0	1	0	0	0	0	0	0	0	0	0	0	0	0	1	0	1	1	1	9	0	1	0	0	1	0	0	0	0	5	10	0	23	42	13	3	5	0
root__Root;domain__Eukaryota;phylum__Gastrotricha	0	5	6	9	14	35	9	23	0	0	12	7	9	18	4	0	0	0	0	12	0	14	93	58	24	75	10	7	6	0	15	0	135	98	10	1	58	0	139	0	0	0	0	0	0	0	0	0	0	0	0	5	14	0	1	24	28	35	0	17	8	7	0	0	0	0	0	0	0	0	0	59	0	0	0
root__Root;domain__Eukaryota;phylum__Fornicata	0	0	0	0	0	0	0	0	0	0	0	0	0	0	0	0	0	0	1	0	0	0	0	0	0	0	0	0	3	0	0	0	0	0	0	0	0	0	0	0	0	1	0	0	1	0	0	0	0	0	0	0	1	0	0	0	0	0	0	1	0	0	0	0	0	0	0	0	0	0	0	0	0	0	0
root__Root;domain__Eukaryota;phylum__Florideophycidae	0	1	2	0	0	1	0	2	0	3	11	1	4	1	1	0	0	0	0	2	0	3	8	10	3	10	2	1	0	6	1	0	9	12	4	0	12	0	8	0	0	0	0	0	0	0	0	0	0	0	0	6	6	4	12	13	9	6	4	2	8	1	0	0	0	0	0	0	0	0	0	1	0	1	0
root__Root;domain__Eukaryota;phylum__Euglenozoa	93	90	133	91	74	88	52	49	67	73	65	30	33	88	78	84	74	11	42	28	13	20	37	28	20	33	20	14	5	8	8	2	67	31	13	0	45	0	34	1	5	4	3	0	17	13	3	25	17	13	1	246	175	631	264	327	321	187	54	104	82	99	12	516	276	220	1754	941	94	2377	90	253	394	388	195
root__Root;domain__Eukaryota;phylum__Dinoflagellata	0	4	0	0	0	0	1	0	1	0	1	4	0	0	0	0	0	0	0	1	0	2	1	0	0	0	0	0	0	0	0	0	0	0	0	0	0	0	2	0	0	0	0	0	0	0	0	0	0	0	0	7	8	13	10	23	6	15	4	10	7	10	0	0	0	0	0	0	0	0	0	0	0	0	0
root__Root;domain__Eukaryota;phylum__Diatomea	5784	5178	7909	6697	4959	11269	1589	8827	2481	6467	11133	1068	2956	6124	4162	2	4	0	0	8126	13433	13406	9829	12881	11449	12234	13275	14834	8697	6181	3827	952	14999	15281	12578	657	16680	618	13833	0	0	0	0	0	1	3	0	3	2	3	0	347	102	139	268	223	473	568	228	659	374	232	44	1	0	0	80	379	54	659	362	721	761	296	628
root__Root;domain__Eukaryota;phylum__Ctenophora	0	0	0	0	0	0	0	0	0	0	0	0	0	0	0	0	0	0	0	0	0	0	0	0	0	0	0	0	0	0	0	0	0	1	0	0	0	0	0	0	0	0	0	0	0	0	0	0	0	0	0	0	0	0	0	0	0	0	0	0	0	0	0	0	0	0	0	0	0	0	0	0	0	0	0
root__Root;domain__Eukaryota;phylum__Cryptomycota	203	180	176	130	99	191	175	175	134	124	278	89	83	88	131	11	12	23	11	414	513	28	87	74	315	104	73	36	546	285	23	92	145	145	79	41	187	42	127	32	37	51	126	168	323	220	155	244	299	187	35	108	82	65	106	108	103	112	35	43	53	66	5	13	3	0	33	40	0	11	20	6	18	30	14
root__Root;domain__Eukaryota;phylum__Cnidaria	0	2	1	0	1	1	0	0	0	0	9	0	0	1	0	0	0	1	0	0	0	0	0	0	0	1	0	0	0	1	1	0	0	0	0	0	1	0	0	0	0	0	0	0	0	0	0	0	0	0	0	0	0	0	0	2	4	1	0	0	0	0	0	0	0	0	0	0	0	0	0	0	0	1	0
root__Root;domain__Eukaryota;phylum__Ciliophora	439	1322	464	484	482	582	1526	546	1438	513	403	1051	172	540	508	469	874	880	1441	3856	2986	2980	987	1186	4665	1230	3274	2636	3323	3498	338	614	1748	1687	1682	354	1336	327	1637	1719	1772	2193	2891	3431	4195	2695	2035	2381	2155	1857	376	579	269	347	571	1139	893	728	329	461	620	370	59	192	458	9	655	820	36	926	355	2022	1864	2593	2241
root__Root;domain__Eukaryota;phylum__Chytridiomycota	34	15	34	70	21	59	7	87	54	41	64	8	17	35	23	0	1	0	1	1180	1274	1551	145	589	919	146	2868	2549	1293	488	88	163	837	360	2519	19	337	112	503	2	3	0	0	2	5	1	3	4	2	4	0	622	357	357	522	339	274	483	139	146	91	115	19	0	0	0	2	0	0	0	10	4	1	3	0
root__Root;domain__Eukaryota;phylum__Cercozoa	359	337	568	316	220	506	227	397	203	303	375	211	100	567	311	267	281	241	283	855	495	1399	865	1110	1087	827	1813	1499	753	562	401	125	1217	1366	1680	71	1534	72	1694	389	508	401	434	692	674	543	537	624	583	567	117	451	307	293	742	546	808	868	212	309	324	282	65	190	195	58	756	814	93	877	310	460	335	547	500
root__Root;domain__Eukaryota;phylum__Centrohelida	2	2	1	3	1	8	0	4	0	1	6	0	0	5	3	0	0	0	0	11	2	29	28	35	9	26	31	28	1	4	7	0	13	23	23	0	26	0	17	0	0	0	0	0	0	0	0	0	0	0	0	8	2	8	13	28	32	51	21	23	60	27	4	2	0	0	0	0	0	5	0	0	2	0	2
root__Root;domain__Eukaryota;phylum__Cavosteliida	1	0	0	0	0	0	0	0	0	2	0	0	0	0	0	0	0	0	0	0	0	0	0	0	0	0	0	0	0	0	0	0	1	0	0	0	0	0	1	0	0	0	0	0	0	0	0	0	0	0	0	0	0	0	1	0	0	0	0	0	1	1	0	0	0	0	0	0	0	0	0	0	0	0	0
root__Root;domain__Eukaryota;phylum__Breviatea	0	1	0	0	0	0	0	0	0	0	0	0	0	0	0	0	0	0	0	0	0	0	0	0	0	0	0	0	0	1	0	0	0	0	0	0	0	0	0	0	0	0	0	0	0	0	0	0	0	0	0	0	0	0	0	0	0	2	0	0	2	0	0	0	0	0	0	0	0	0	0	2	0	0	0
root__Root;domain__Eukaryota;phylum__Blastocladiomycota	50	87	8	16	25	14	29	2	26	31	21	35	3	14	19	1	4	13	32	6	1	318	49	123	32	77	177	192	6	8	23	0	52	86	217	1	89	0	94	0	0	0	0	0	0	0	0	0	0	0	0	5	1	5	2	3	3	4	0	1	4	1	0	0	0	0	0	1	0	0	1	0	1	0	0
root__Root;domain__Eukaryota;phylum__Bicosoecida	8	9	5	7	4	2	18	7	4	7	7	10	3	5	5	0	2	6	9	30	45	1	10	8	18	11	2	0	15	8	7	4	12	11	5	3	15	0	7	3	0	0	2	2	4	2	7	8	6	12	0	15	16	3	14	11	10	16	7	14	5	6	0	0	0	0	3	3	0	4	5	8	4	5	6
root__Root;domain__Eukaryota;phylum__Basidiomycota	7	2	7	11	6	7	4	3	2	4	4	0	4	2	8	0	0	0	2	35	27	13	27	21	18	20	16	22	33	10	3	4	16	20	24	0	30	2	10	1	3	4	2	5	10	6	7	9	3	6	1	118	63	29	61	26	17	79	47	40	13	36	1	94	114	0	10	16	8	66	5	121	41	19	5
root__Root;domain__Eukaryota;phylum__Ascomycota	19	10	5	20	16	23	4	13	2	11	16	5	2	5	8	0	1	0	0	94	100	25	53	32	97	37	30	19	143	79	12	20	43	79	47	7	60	13	45	12	16	16	29	29	33	41	24	26	28	20	12	495	206	126	228	125	81	324	84	56	39	88	1	70	43	1	8	7	0	0	3	4	1	3	3
root__Root;domain__Eukaryota;phylum__Arthropoda	195	8	96	204	45	111	43	65	11	10	67	19	35	32	46	1	2	19	1	1	1	210	5	30	1	71	15	10	3	1	111	0	88	7	23	0	8	2	19	0	0	0	0	0	0	0	5	0	1	0	0	30	15	4	15	9	7	186	1	13	3	11	0	0	9	0	12	11	2	9	1	1	4	7	7
root__Root;domain__Eukaryota;phylum__Archamoebae	0	0	0	1	0	2	0	0	0	0	0	0	0	1	0	0	7	7	0	0	3	0	1	3	0	0	0	0	0	0	0	0	0	0	0	0	0	0	0	0	0	0	1	0	2	0	0	0	1	1	0	5	6	36	26	35	23	18	6	6	4	4	1	2	3	2	319	235	13	316	30	56	21	33	24
root__Root;domain__Eukaryota;phylum__Apusomonadidae	3	13	3	1	2	5	10	7	5	3	1	7	2	1	6	0	2	0	0	3	9	5	4	8	1	4	2	0	5	3	0	0	5	4	1	0	3	1	3	0	0	0	0	0	1	0	0	0	0	0	0	3	2	1	4	4	5	3	0	2	4	2	2	1	0	0	0	0	0	0	0	4	4	2	1
root__Root;domain__Eukaryota;phylum__Apicomplexa	4	2	1	5	1	2	1	2	1	2	7	0	2	11	0	0	4	1	2	3	3	3	17	6	5	7	7	6	2	3	4	1	13	24	9	0	28	0	14	0	0	0	0	1	0	3	0	2	1	2	0	13	11	2	3	13	7	25	5	5	5	20	4	0	0	0	0	1	0	0	0	0	0	0	0
root__Root;domain__Eukaryota;phylum__Aphelidea	266	8	320	339	191	230	5	164	13	232	346	1	81	133	379	0	0	0	0	52	26	524	194	433	58	138	647	596	15	11	120	3	58	298	467	4	269	1	388	0	0	0	1	0	1	2	0	0	3	1	0	16	10	9	8	6	3	14	14	6	10	12	1	0	0	0	0	0	0	0	0	0	0	0	0
root__Root;domain__Eukaryota;phylum__Annelida	1939	645	288	725	879	273	583	272	598	162	506	308	84	121	865	3	3	0	0	24	0	2	6	2	1	3	1	4	6	71	1	7	1	1	0	3	64	1	8	7	3	7	37	27	29	34	33	52	64	52	8	73	5	6	11	9	8	27	5	5	3	8	0	0	0	0	0	0	0	0	0	0	0	0	0
root__Root;domain__Eukaryota;phylum__Ancyromonadida	2	6	0	0	0	0	6	1	2	1	0	3	0	2	0	0	0	0	0	2	7	0	0	0	1	1	1	3	1	2	0	1	2	0	0	0	3	0	0	0	0	0	1	4	0	0	0	0	0	0	0	9	1	11	9	7	19	11	0	9	3	0	1	0	2	0	14	21	6	93	29	61	54	30	27
root__Root;domain__Bacteria;phylum__unknown	0	0	0	0	0	0	0	0	0	0	0	0	0	0	0	0	0	0	0	0	0	0	0	0	0	0	0	0	0	0	0	0	0	0	0	0	0	0	0	0	0	0	0	0	0	0	0	0	0	0	0	0	1	0	0	2	0	0	0	0	0	0	0	0	0	0	0	0	0	0	0	0	0	0	0
root__Root;domain__Bacteria;phylum__Zixibacteria	0	0	0	0	0	0	0	0	0	0	2	0	0	0	0	0	0	0	0	0	0	0	1	2	0	1	0	0	0	0	0	0	0	1	0	0	0	0	0	0	0	0	0	0	0	0	0	0	0	1	0	0	0	4	0	6	2	7	2	0	1	0	0	0	0	0	0	0	0	0	0	0	0	0	0
root__Root;domain__Bacteria;phylum__WS4	0	0	0	0	0	0	0	0	0	0	0	0	0	1	0	0	0	0	0	0	0	0	0	0	0	0	0	0	0	0	0	0	0	0	0	0	0	0	0	0	0	0	0	0	0	0	0	0	0	0	0	0	0	0	2	0	0	3	0	0	0	1	0	0	0	0	0	0	0	0	0	0	0	0	0
root__Root;domain__Bacteria;phylum__WS2	0	0	0	0	0	0	0	0	0	0	0	0	0	0	0	0	0	0	0	0	0	0	0	0	0	0	0	0	0	0	0	0	0	0	0	0	0	0	0	0	0	0	0	0	0	0	0	0	0	0	0	0	0	0	1	0	0	1	0	0	0	0	0	1	0	0	0	0	0	0	0	0	0	0	0
root__Root;domain__Bacteria;phylum__WS1	0	0	1	0	0	0	0	0	0	0	0	0	0	0	0	0	0	0	0	0	0	0	0	0	0	0	0	0	0	0	1	0	0	0	0	0	0	0	1	0	0	0	0	0	0	0	0	0	0	0	0	2	3	0	0	1	0	2	17	0	0	1	0	0	0	0	0	0	0	0	0	0	0	0	0
root__Root;domain__Bacteria;phylum__WPS-2	14	9	9	1	7	11	20	0	6	6	8	9	5	4	11	11	9	20	9	2	4	3	6	4	5	1	9	7	3	12	4	0	16	2	9	0	10	0	9	4	2	2	10	15	9	7	12	6	12	7	1	16	17	27	28	30	18	31	22	15	13	11	1	1	4	0	6	2	0	8	6	63	14	7	36
root__Root;domain__Bacteria;phylum__WOR-1	0	0	0	0	0	0	0	0	0	0	0	0	0	0	0	0	0	0	0	0	0	0	0	0	0	0	0	0	0	0	0	0	0	0	0	0	0	0	0	0	0	0	0	0	0	0	0	0	0	0	0	2	0	0	4	3	1	0	1	1	2	0	0	0	0	0	0	0	0	0	0	0	0	0	0
root__Root;domain__Bacteria;phylum__Verrucomicrobiota	1037	1009	1080	893	1214	1173	1056	1102	1125	1102	1233	1128	568	1037	1317	1010	1079	887	1109	545	512	883	1340	1690	658	1470	1251	1100	517	714	417	56	2355	1875	1879	44	1965	39	1684	309	349	323	449	564	596	505	604	507	647	533	119	846	889	766	798	947	715	919	699	989	492	712	49	242	352	4	1780	2255	86	2483	142	271	172	293	240
root__Root;domain__Bacteria;phylum__Thermotogota	0	0	0	0	0	0	0	0	0	0	1	0	1	0	0	0	0	0	0	0	0	0	0	0	0	0	0	0	0	1	0	0	0	0	0	0	0	0	0	0	0	0	0	0	0	0	0	0	0	0	0	4	2	0	0	3	0	72	161	43	16	17	0	0	0	0	0	0	0	0	2	0	0	0	0
root__Root;domain__Bacteria;phylum__TX1A-33	0	0	0	0	0	0	0	0	0	0	0	0	0	0	0	0	0	0	0	0	0	0	0	0	0	0	0	0	0	0	0	0	0	0	0	0	0	0	0	0	0	0	0	0	0	0	0	0	0	0	0	0	3	0	0	0	0	0	0	0	0	0	0	0	0	0	0	0	0	0	0	0	0	0	0
root__Root;domain__Bacteria;phylum__TA06	0	0	0	0	0	0	0	2	0	0	0	0	0	0	0	0	0	0	0	0	0	0	0	0	0	0	0	0	0	0	0	0	0	0	0	0	0	0	0	0	0	0	0	0	0	0	0	0	0	0	0	0	0	0	0	0	0	2	0	0	0	0	0	0	0	0	0	0	0	0	0	0	0	0	0
root__Root;domain__Bacteria;phylum__Synergistota	2	0	0	0	2	0	1	1	0	2	0	0	0	2	0	3	5	1	0	1	1	1	0	2	0	0	0	0	0	0	0	0	0	0	0	0	0	0	0	0	1	1	0	1	1	1	0	1	1	0	0	6	26	3	2	1	0	59	93	19	5	11	0	0	0	0	0	0	0	0	0	1	0	0	0
root__Root;domain__Bacteria;phylum__Sva0485	0	0	0	0	0	0	0	0	0	0	0	0	0	0	0	0	0	0	0	0	0	0	0	0	0	0	0	0	0	1	1	0	1	0	0	0	2	0	0	0	0	0	0	1	0	0	0	0	0	0	0	2	1	2	5	4	0	4	4	1	3	2	0	0	0	0	0	0	0	0	0	0	0	0	0
root__Root;domain__Bacteria;phylum__Sumerlaeota	1	6	0	0	1	2	1	2	3	1	4	3	0	1	1	2	11	2	6	0	0	0	1	0	0	1	0	0	2	0	2	0	0	2	0	0	0	0	0	3	1	1	1	4	0	2	3	3	4	2	0	4	11	0	5	4	3	5	2	3	2	1	0	0	0	0	0	1	0	0	0	0	0	2	1
root__Root;domain__Bacteria;phylum__Spirochaetota	142	312	65	43	126	57	250	37	225	117	38	152	24	76	126	186	216	181	452	59	51	1	18	22	73	21	2	7	41	61	2	6	8	14	5	5	21	1	6	57	51	45	55	91	75	84	42	102	104	73	22	51	90	47	40	47	40	105	167	103	31	57	1	4	8	0	51	31	7	139	4	2	3	2	2
root__Root;domain__Bacteria;phylum__Schekmanbacteria	0	0	0	0	0	0	0	0	0	0	0	0	0	0	0	0	0	0	0	0	0	0	0	0	0	0	0	0	0	0	0	0	0	0	0	0	0	0	0	0	0	0	0	0	0	0	0	0	0	0	0	0	0	0	0	1	0	0	0	0	0	0	0	0	0	0	0	0	0	0	0	0	0	0	0
root__Root;domain__Bacteria;phylum__SAR324cladeMarinegroupB	20	23	6	9	27	5	38	10	35	32	11	41	2	7	22	124	119	152	134	5	23	0	5	11	9	5	0	2	14	5	5	3	13	6	2	0	2	0	9	10	10	11	14	14	12	18	12	15	12	11	2	18	18	27	27	46	24	48	19	9	11	18	0	0	0	0	11	5	0	6	11	5	7	17	2
root__Root;domain__Bacteria;phylum__Rs-K70termitegroup	0	0	0	0	0	0	0	0	0	0	0	0	0	0	0	0	0	0	0	0	0	0	0	0	0	0	0	0	0	0	0	0	0	0	0	0	0	0	0	0	0	0	0	0	0	0	0	0	0	0	0	0	0	0	0	0	0	0	0	2	0	0	0	0	0	0	0	0	0	0	0	0	0	0	0
root__Root;domain__Bacteria;phylum__RCP2-54	0	0	0	0	0	0	0	0	0	0	0	0	0	0	0	0	0	0	0	0	0	0	1	0	0	0	0	0	0	0	0	0	1	0	2	0	0	0	3	0	0	0	0	0	0	0	0	0	0	0	0	4	0	3	0	0	4	2	0	2	1	0	0	0	0	0	0	0	0	0	0	0	0	0	0
root__Root;domain__Bacteria;phylum__Proteobacteria	18055	15004	14146	12359	14769	19589	18294	22807	16069	16284	21855	15732	8062	18622	18368	17627	19828	17290	18983	8975	10483	8096	11953	13211	8432	12789	18164	10943	8430	12408	3289	1356	16734	16572	27005	651	17957	649	15691	20105	22767	16751	13947	15121	16558	13099	11968	12515	13710	12508	2497	25396	26529	31636	33457	44401	44750	53623	41914	33627	64701	45119	2797	55899	63586	13935	30360	23264	701	16850	20847	25673	33472	26520	26633
root__Root;domain__Bacteria;phylum__Planctomycetota	987	793	872	618	770	1361	864	1324	687	895	1179	614	400	1326	916	262	338	372	493	528	770	928	806	1003	551	746	1892	1476	619	637	245	63	1170	955	2806	33	1021	45	1067	266	214	256	331	533	527	470	455	448	510	411	100	531	367	434	604	636	540	596	260	321	274	262	36	179	162	4	911	1575	89	2093	1208	971	830	3766	1944
root__Root;domain__Bacteria;phylum__Patescibacteria	162	243	125	169	135	154	215	190	168	120	166	204	41	112	202	1885	1793	1460	1392	69	73	212	94	184	69	70	290	173	70	41	54	12	59	96	387	2	69	3	253	269	217	239	313	431	495	386	293	328	386	282	53	2743	2316	3551	3735	4943	3220	3019	2054	2125	1823	2526	234	382	350	20	463	667	44	955	307	430	754	767	967
root__Root;domain__Bacteria;phylum__PAUC34f	0	0	0	0	0	0	0	0	0	0	0	0	0	0	0	0	0	0	0	0	0	0	0	0	0	0	0	0	0	0	0	0	0	0	0	0	0	0	0	0	0	0	0	0	0	0	0	0	0	0	0	0	2	0	0	0	1	2	0	0	0	0	0	0	0	0	0	0	0	0	0	0	0	0	0
root__Root;domain__Bacteria;phylum__Nitrospirota	15	13	4	5	7	5	19	11	13	6	5	19	3	7	13	0	1	0	3	7	2	9	10	23	3	14	3	6	14	5	2	1	36	20	18	0	26	4	13	4	5	4	2	10	1	3	12	4	12	5	0	65	40	63	74	80	63	37	23	41	30	31	7	1	0	0	12	22	0	15	9	30	5	58	7
root__Root;domain__Bacteria;phylum__Nitrospinota	0	0	0	0	0	0	2	0	0	0	0	1	0	0	0	0	0	0	0	1	0	1	0	2	0	1	0	0	0	0	0	0	0	0	0	0	0	0	1	0	0	0	0	0	0	0	0	0	0	0	0	1	4	5	3	11	1	7	4	2	1	0	0	0	0	0	0	0	0	0	0	0	0	0	0
root__Root;domain__Bacteria;phylum__NB1-j	6	1	5	3	5	9	0	21	2	9	19	0	5	11	10	0	0	0	0	8	2	2	12	10	2	21	7	4	0	4	1	0	24	27	2	0	11	0	13	0	0	0	0	0	0	0	0	0	0	1	0	26	8	8	11	11	20	35	6	3	4	4	2	1	0	0	1	9	0	7	0	6	2	13	6
root__Root;domain__Bacteria;phylum__Myxococcota	784	1693	549	444	773	705	2027	891	1341	781	794	1472	312	813	961	2040	3468	2909	2459	1033	952	70	448	461	898	421	174	140	1138	799	91	166	293	599	273	63	550	68	398	872	824	799	907	1129	1003	1038	1047	1045	1286	1223	269	371	250	267	333	361	424	467	216	232	177	254	23	17	17	0	89	90	4	102	49	59	50	47	35
root__Root;domain__Bacteria;phylum__Modulibacteria	0	0	0	0	0	0	0	0	0	0	0	0	0	0	0	1	0	0	0	0	0	0	0	0	0	0	0	0	0	0	0	0	0	0	0	0	0	0	0	0	0	0	0	0	0	0	0	0	0	0	0	0	0	0	0	0	0	0	0	0	0	0	0	0	0	0	0	0	0	0	0	0	0	0	0
root__Root;domain__Bacteria;phylum__Methylomirabilota	1	0	2	0	0	0	0	0	0	2	0	0	0	2	0	0	0	0	0	1	0	0	2	2	1	2	5	5	0	3	0	0	7	4	6	0	7	2	4	0	0	0	0	0	0	0	0	0	0	0	0	26	31	56	32	49	27	15	17	28	23	21	1	0	0	0	0	0	0	0	0	0	0	0	0
root__Root;domain__Bacteria;phylum__MarinimicrobiaSAR406clade	0	0	0	0	0	0	0	0	0	1	0	0	0	0	0	1	0	0	0	0	0	0	0	0	0	0	0	0	0	0	0	0	0	0	0	0	0	0	0	0	0	0	0	0	0	0	0	0	0	0	0	0	0	0	0	2	0	0	0	0	0	0	0	0	0	0	0	0	0	0	0	0	0	0	0
root__Root;domain__Bacteria;phylum__Margulisbacteria	0	0	0	0	0	0	0	0	0	0	0	0	0	0	0	0	0	0	2	0	0	0	0	0	0	0	0	0	0	0	0	0	0	0	0	0	0	0	0	0	0	0	2	0	0	0	0	0	0	0	0	0	1	1	0	2	0	2	2	3	0	0	0	0	0	0	0	0	0	0	0	0	0	0	0
root__Root;domain__Bacteria;phylum__MBNT15	1	0	0	0	0	0	0	1	2	0	0	0	0	3	1	0	0	0	0	0	0	0	0	3	0	3	0	0	0	0	0	0	2	2	1	0	5	0	0	0	0	0	0	0	0	0	0	0	0	1	0	9	9	14	8	8	7	8	6	5	1	5	0	0	0	0	0	0	0	0	0	0	0	0	0
root__Root;domain__Bacteria;phylum__Latescibacterota	5	4	1	2	3	1	15	2	4	3	0	5	3	0	2	6	10	8	17	4	0	1	8	3	0	10	1	0	0	1	4	0	4	2	3	0	7	0	0	3	6	4	0	4	3	3	0	2	0	5	1	16	11	25	38	6	9	31	4	4	3	10	0	0	0	0	0	0	0	0	0	1	1	1	5
root__Root;domain__Bacteria;phylum__LCP-89	0	0	0	0	0	0	0	0	0	0	0	0	0	0	0	0	4	0	1	0	0	0	0	0	0	0	0	0	0	0	0	0	0	0	0	0	0	0	0	0	0	0	0	1	0	0	0	0	0	0	0	0	0	0	0	1	0	0	0	0	0	0	0	0	0	0	0	0	0	0	0	0	0	0	0
root__Root;domain__Bacteria;phylum__Hydrogenedentes	17	19	3	14	13	1	36	13	25	17	8	26	8	9	27	51	81	63	85	29	49	32	2	40	23	10	46	24	47	17	9	5	26	7	96	5	2	6	33	45	62	68	57	113	102	81	72	64	82	69	24	6	3	11	4	4	0	9	2	6	4	9	0	4	13	0	95	120	5	103	11	8	6	22	4
root__Root;domain__Bacteria;phylum__Halanaerobiaeota	0	0	0	0	0	0	0	0	0	0	0	0	0	0	0	0	0	0	0	0	0	0	0	0	0	0	0	0	0	0	0	0	0	1	0	0	0	0	0	0	0	0	0	0	0	0	0	0	0	0	0	0	0	0	0	0	0	3	0	2	0	0	0	0	0	0	0	0	0	0	0	0	0	0	0
root__Root;domain__Bacteria;phylum__Gemmatimonadota	105	134	131	138	129	210	103	332	72	108	269	113	69	220	213	136	194	229	256	52	40	21	166	212	60	131	21	33	22	55	57	2	121	153	49	0	168	2	141	12	26	25	39	38	27	31	44	20	51	37	6	156	118	106	122	92	66	103	34	69	46	65	4	10	3	0	26	22	3	56	2	19	21	45	31
root__Root;domain__Bacteria;phylum__GAL15	0	0	0	0	0	0	0	0	0	0	0	0	0	0	0	0	0	0	0	0	0	0	0	0	0	0	0	0	0	0	0	0	0	0	0	0	0	0	0	0	0	0	0	0	0	0	0	0	0	0	0	2	0	3	0	2	2	0	0	0	0	1	0	0	0	0	0	0	0	0	0	0	0	0	0
root__Root;domain__Bacteria;phylum__Fusobacteriota	2	1	2	3	1	0	3	3	5	1	2	4	0	0	1	41	45	20	32	4	1	0	2	0	0	3	0	0	0	6	0	1	1	1	0	0	4	0	0	14	18	16	10	17	28	34	12	18	19	14	5	23	401	33	24	33	36	97	66	50	10	206	0	0	0	0	0	3	2	4	3	8	2	6	1
root__Root;domain__Bacteria;phylum__Firmicutes	51	98	14	23	21	20	68	16	57	19	32	61	7	23	36	231	337	199	228	438	441	35	219	161	343	154	59	32	539	399	49	108	194	271	131	32	223	32	203	426	440	478	809	947	983	668	591	671	670	554	123	1391	7583	1672	1803	1678	1066	5036	4787	3316	768	7563	127	75	69	1	166	244	2	72	74	88	115	407	216
root__Root;domain__Bacteria;phylum__Firestonebacteria	0	0	0	0	0	0	0	0	0	0	0	0	0	0	0	0	0	0	0	0	0	0	0	0	0	0	0	0	0	0	0	0	0	0	0	0	0	0	0	0	0	0	0	0	0	0	0	0	0	0	0	2	0	0	0	0	0	0	2	0	0	0	0	0	0	0	0	0	0	0	0	0	0	0	0
root__Root;domain__Bacteria;phylum__Fibrobacterota	1	8	0	1	5	3	14	0	15	1	1	14	1	0	4	22	36	98	59	14	7	0	4	2	17	0	3	2	5	11	0	2	0	3	1	3	0	1	0	0	2	1	5	5	3	3	3	3	6	6	1	53	110	63	29	49	42	32	44	68	15	54	2	0	0	0	0	3	0	4	0	3	1	1	0
root__Root;domain__Bacteria;phylum__FCPU426	0	0	0	0	1	0	0	0	0	0	1	1	0	0	0	0	2	0	0	0	0	0	0	0	0	0	0	0	0	0	0	0	0	0	0	0	0	0	0	0	0	0	0	0	0	0	0	0	0	0	0	2	3	6	5	2	2	4	3	1	2	5	0	0	0	0	0	0	0	0	0	0	0	0	0
root__Root;domain__Bacteria;phylum__Entotheonellaeota	0	0	0	0	0	0	0	0	0	0	0	0	0	0	0	0	0	0	0	1	0	0	0	0	0	0	0	0	0	0	0	0	1	0	0	0	0	0	0	0	0	0	0	0	0	0	0	0	0	0	0	1	2	4	1	0	1	1	0	0	1	0	0	0	0	0	0	0	0	0	0	0	0	0	0
root__Root;domain__Bacteria;phylum__Elusimicrobiota	7	4	1	1	0	0	6	0	6	1	0	6	0	0	0	2	4	3	9	0	2	1	0	6	2	2	0	1	2	0	0	0	2	2	2	0	1	0	0	1	0	1	1	2	1	1	1	1	2	0	0	36	31	52	37	40	34	31	24	30	13	23	1	1	0	0	1	1	1	9	1	0	0	0	0
root__Root;domain__Bacteria;phylum__Edwardsbacteria	0	0	0	0	0	0	0	0	0	0	0	0	0	0	0	0	0	0	0	0	0	0	0	0	0	0	0	0	0	0	0	0	0	0	0	0	0	0	0	0	0	0	0	0	0	0	0	0	0	0	0	0	1	0	0	0	0	0	0	0	0	0	0	0	0	0	0	0	0	0	0	0	0	0	0
root__Root;domain__Bacteria;phylum__Desulfobacterota	191	1084	62	46	230	45	1409	109	769	167	89	1184	23	39	391	380	698	746	844	53	51	51	73	110	48	79	72	109	54	60	20	8	75	103	31	7	87	0	76	85	77	49	63	67	47	54	24	37	77	38	8	139	177	126	167	127	116	203	106	75	61	101	3	5	5	15	18	14	0	5	8	7	8	13	8
root__Root;domain__Bacteria;phylum__Dependentiae	3	9	3	6	2	0	13	7	1	1	4	1	3	5	6	20	35	20	33	8	18	2	6	0	11	1	1	0	20	10	0	3	4	5	1	0	9	1	8	13	11	35	41	31	18	13	6	11	5	4	1	41	58	55	47	80	52	31	72	62	53	53	10	1	0	0	30	13	0	12	10	9	12	17	19
root__Root;domain__Bacteria;phylum__Deinococcota	4	3	11	10	2	20	1	8	1	1	18	0	6	13	3	0	0	0	0	7	6	38	18	50	5	19	72	55	3	9	5	0	58	47	76	0	37	0	49	0	1	0	8	9	2	8	9	0	7	10	0	53	24	13	27	42	33	101	75	31	59	129	1	27	33	0	4	0	0	0	1	4	1	0	2
root__Root;domain__Bacteria;phylum__Deferrisomatota	0	0	0	0	0	0	0	0	0	0	0	0	0	0	0	0	0	0	0	0	0	0	0	0	0	0	0	0	0	0	0	0	0	0	0	0	1	0	0	0	0	0	0	0	0	0	0	0	0	0	0	0	0	0	0	0	0	0	0	0	0	0	0	0	0	0	0	0	0	0	0	0	0	0	0
root__Root;domain__Bacteria;phylum__Deferribacterota	0	0	0	0	0	0	1	0	0	0	0	0	0	0	0	0	0	0	0	0	0	0	0	0	0	0	0	0	0	0	0	0	0	0	0	0	0	0	0	0	0	0	0	0	0	0	0	0	0	0	0	2	0	0	1	6	1	3	1	1	0	0	0	0	0	0	0	0	0	0	0	0	0	0	0
root__Root;domain__Bacteria;phylum__Dadabacteria	0	0	0	0	0	0	0	0	0	0	0	0	0	0	0	0	0	0	0	0	0	0	0	0	1	0	0	0	0	0	0	0	0	2	0	0	0	0	0	0	0	0	0	0	0	0	0	0	0	0	0	3	0	0	2	2	1	0	0	0	1	3	0	0	0	0	0	0	0	0	0	0	0	0	0
root__Root;domain__Bacteria;phylum__DTB120	0	0	0	0	0	0	0	0	0	0	0	0	0	0	0	0	0	0	0	1	0	0	0	0	0	0	0	0	0	0	0	0	1	0	0	0	0	0	2	0	0	0	0	0	0	0	0	0	0	0	0	2	0	7	4	8	6	3	0	1	2	4	0	0	0	0	0	0	0	0	0	0	0	0	0
root__Root;domain__Bacteria;phylum__Cyanobacteria	13280	11851	16347	13014	9933	19955	5111	11523	7936	13056	18507	2717	4946	8646	6415	76	85	67	65	20249	27818	11483	16908	16788	21661	19579	20838	28614	9689	8745	4377	798	25083	18636	16923	1011	21114	621	13721	29	24	28	29	53	57	48	54	41	61	36	3	1149	511	550	771	821	1166	962	669	2085	672	891	157	44	22	7	268	1325	318	2442	1292	3774	3292	752	2947
root__Root;domain__Bacteria;phylum__Coprothermobacterota	0	0	0	0	0	0	0	0	0	0	0	0	0	0	0	0	0	0	0	0	0	0	0	0	0	0	0	0	2	0	0	0	0	0	0	0	0	0	0	0	1	0	0	3	0	2	0	1	0	0	0	0	0	0	0	0	0	0	0	0	0	0	0	0	0	0	0	0	0	0	0	0	0	1	0
root__Root;domain__Bacteria;phylum__Cloacimonadota	0	0	0	0	0	0	0	0	0	0	0	0	0	0	0	0	2	0	2	0	0	0	2	1	0	4	0	1	0	0	0	0	0	1	2	0	0	0	0	0	0	0	0	0	0	0	0	0	0	0	0	1	11	1	0	0	2	1124	1264	183	73	84	1	0	0	0	0	0	0	0	0	0	0	0	0
root__Root;domain__Bacteria;phylum__Chloroflexi	144	447	25	26	121	13	359	19	227	89	49	269	15	14	124	796	872	1161	1208	511	697	31	92	163	457	97	70	77	746	328	32	134	100	166	136	32	110	71	131	1886	2147	2117	2793	3791	2766	2749	3329	2852	3331	3591	639	405	319	294	329	239	214	391	242	176	101	143	8	87	100	2	108	150	5	115	69	440	700	1136	496
root__Root;domain__Bacteria;phylum__Campilobacterota	8	9	11	2	2	6	16	1	19	1	3	17	0	3	15	138	189	162	146	15	5	3	5	12	10	7	3	2	5	16	1	3	14	14	1	0	15	0	8	45	48	32	54	57	100	68	60	64	62	81	17	194	2347	270	279	253	151	791	1063	491	423	1522	23	0	0	0	5	2	0	2	0	0	4	1	0
root__Root;domain__Bacteria;phylum__Calditrichota	0	0	0	0	0	0	0	0	0	0	0	0	0	0	0	0	0	0	0	0	0	0	0	0	1	0	0	0	0	0	0	0	0	1	0	0	0	0	0	0	0	0	0	0	0	0	0	0	0	0	0	1	0	0	0	0	1	0	0	0	0	0	0	0	0	0	0	0	0	0	0	0	0	0	0
root__Root;domain__Bacteria;phylum__Caldisericota	0	0	0	0	0	0	0	1	1	0	1	0	0	0	0	0	0	0	0	0	0	0	0	0	0	0	0	0	0	0	0	0	2	0	0	0	0	0	0	0	2	0	0	0	0	0	1	0	1	0	0	3	0	0	0	2	2	14	15	1	3	1	0	0	0	0	0	0	0	1	0	0	0	0	0
root__Root;domain__Bacteria;phylum__Caldatribacteriota	0	0	0	0	0	0	0	1	0	0	0	0	0	0	0	0	0	0	0	0	0	0	0	2	0	0	0	0	0	0	0	0	0	0	2	0	0	0	0	0	0	0	0	0	0	0	0	0	0	0	0	0	0	1	0	0	0	33	21	8	1	3	0	0	0	0	0	0	0	0	0	0	0	0	0
root__Root;domain__Bacteria;phylum__Bdellovibrionota	310	310	249	168	257	330	248	318	269	277	270	248	134	285	354	767	799	574	515	297	308	75	202	240	214	175	231	161	185	296	63	24	403	243	156	18	238	18	208	202	211	224	345	437	524	600	365	422	489	312	62	571	835	749	623	958	617	481	382	643	632	810	95	54	116	14	7818	3066	106	3414	115	303	407	520	1222
root__Root;domain__Bacteria;phylum__Bacteroidota	3693	4036	3190	3116	3246	3296	3867	3571	3640	3249	3662	3467	1497	3096	3695	8161	8100	6575	7056	3268	4590	1635	2548	2806	3031	2868	2190	2299	3651	2851	676	447	3401	3493	2570	206	3522	263	2539	3003	3115	3065	4064	5330	3569	4030	4192	3537	5025	4410	699	8615	10785	7103	6536	7862	8268	10010	12452	13929	5425	13745	1607	7365	8596	133	6362	6037	451	16173	2742	10895	4664	3114	3395
root__Root;domain__Bacteria;phylum__Armatimonadota	24	9	89	79	18	94	8	100	5	11	93	8	38	109	25	6	13	1	7	6	4	3	140	29	13	147	2	2	2	6	11	0	56	192	7	1	175	1	25	0	1	1	5	8	13	10	3	9	5	5	0	45	39	44	62	42	44	58	41	26	28	19	1	20	25	1	8	12	0	6	5	7	6	19	4
root__Root;domain__Bacteria;phylum__AncK6	0	0	0	0	0	0	0	0	0	0	0	0	0	0	0	0	0	0	0	0	0	0	0	0	0	0	0	0	0	0	0	0	0	0	0	0	0	0	0	0	0	0	0	0	0	0	0	0	0	0	0	0	1	0	0	1	0	0	0	0	0	0	0	0	0	0	0	0	0	0	0	0	0	0	0
root__Root;domain__Bacteria;phylum__Actinobacteriota	213	593	85	95	161	166	349	155	209	178	207	217	47	89	173	776	732	852	807	2760	2627	231	1045	797	2305	984	308	278	3353	1885	183	589	609	1517	659	212	1216	268	838	6501	5746	7121	9076	12272	13319	9874	10248	7816	10158	7167	1658	4199	4626	5764	6877	8648	9417	5759	3104	3355	2134	3666	392	5544	5025	158	1478	2294	544	2485	2168	4684	2388	2281	1345
root__Root;domain__Bacteria;phylum__Acidobacteriota	304	411	219	200	328	200	281	359	215	394	315	282	110	221	405	243	244	167	208	140	112	60	259	214	119	242	94	90	88	107	50	14	170	310	139	12	272	4	215	72	67	64	101	160	90	78	148	104	138	126	29	500	358	304	500	264	270	489	170	151	153	175	18	125	63	1	179	309	15	302	119	185	131	184	115
root__Root;domain__Bacteria;phylum__Acetothermia	0	0	0	0	0	0	0	0	0	0	0	0	0	0	0	0	0	0	0	0	0	0	0	0	0	0	0	0	0	0	0	0	0	2	0	0	0	0	0	0	0	0	0	0	0	0	0	0	0	0	0	4	0	0	0	1	0	0	0	0	0	1	0	0	0	0	0	0	0	0	0	0	0	0	0
root__Root;domain__Bacteria;phylum__Abditibacteriota	2	0	0	2	1	2	0	2	0	1	3	0	0	0	4	0	0	0	0	0	2	0	2	5	2	0	0	1	0	1	0	0	1	4	1	0	2	0	1	0	0	0	1	0	1	0	0	0	3	0	0	28	25	9	20	10	2	26	14	7	12	21	2	0	2	0	1	0	0	0	0	0	0	1	0
root__Root;domain__Archaea;phylum__Thermoplasmatota	0	0	0	0	0	0	0	0	0	0	0	0	0	0	0	0	2	0	0	0	0	0	0	0	0	0	0	0	0	0	0	0	0	1	0	0	0	0	1	0	0	0	0	0	0	0	0	0	0	0	0	6	7	4	7	6	4	7	15	17	6	1	0	1	0	0	0	0	0	0	0	0	0	0	1
root__Root;domain__Archaea;phylum__Nanoarchaeota	0	1	0	0	0	0	1	0	0	0	1	1	0	0	0	7	4	0	4	0	0	0	0	0	0	0	0	0	0	0	0	0	1	1	0	0	0	0	0	0	0	0	0	0	0	0	0	0	0	0	0	46	37	80	53	80	61	60	55	42	36	45	7	0	0	0	0	0	0	0	0	1	0	5	2
root__Root;domain__Archaea;phylum__Micrarchaeota	0	0	0	0	0	0	0	0	0	0	0	0	0	0	0	0	0	0	0	0	0	0	0	0	0	0	0	0	0	0	0	0	0	0	0	0	0	0	0	0	0	0	0	0	0	0	0	0	0	0	0	8	3	8	0	2	3	0	2	6	2	1	0	0	0	0	0	0	0	0	0	0	0	0	0
root__Root;domain__Archaea;phylum__Iainarchaeota	0	0	0	0	0	0	0	0	0	0	0	0	0	0	0	0	0	0	0	0	0	0	0	0	0	0	0	0	0	0	0	0	0	0	0	0	0	0	0	0	0	0	0	0	0	0	0	0	0	0	0	0	7	4	3	5	5	0	0	2	1	2	0	0	0	0	0	0	0	0	0	0	0	0	0
root__Root;domain__Archaea;phylum__Hydrothermarchaeota	0	0	0	0	0	0	0	0	0	0	0	0	0	0	0	0	0	0	0	0	0	0	0	0	0	0	0	0	0	0	0	0	0	0	0	0	0	0	0	0	0	0	0	0	0	0	0	0	0	0	0	0	0	0	0	1	0	0	0	0	0	0	0	0	0	0	0	0	0	0	0	0	0	0	0
root__Root;domain__Archaea;phylum__Halobacterota	1	0	0	1	0	2	9	5	9	5	5	7	1	2	2	11	0	0	0	3	5	1	7	1	6	11	4	0	6	3	0	0	4	24	3	0	13	0	3	4	1	3	4	6	1	2	4	3	7	0	0	32	37	42	41	37	38	109	140	61	27	33	1	5	5	0	2	2	1	2	1	1	4	106	60
root__Root;domain__Archaea;phylum__Hadarchaeota	0	0	0	0	0	0	0	0	0	0	0	0	0	0	0	0	0	0	0	0	0	0	0	0	0	0	0	0	0	0	0	0	0	0	0	0	0	0	0	0	0	0	0	0	0	0	0	0	0	0	0	0	0	2	0	0	0	0	0	0	0	0	0	0	0	0	0	0	0	0	0	0	0	0	0
root__Root;domain__Archaea;phylum__Euryarchaeota	0	0	0	0	0	0	3	0	0	0	1	0	0	1	0	6	3	1	5	1	3	0	0	2	1	2	1	0	6	1	1	1	3	1	3	1	5	1	5	3	6	3	13	9	9	12	6	1	16	3	0	12	12	8	10	19	5	24	53	21	11	22	2	0	2	0	0	0	1	0	0	0	1	2	0
root__Root;domain__Archaea;phylum__Crenarchaeota	0	0	0	0	0	0	1	0	0	2	0	0	0	1	0	0	0	0	0	4	6	2	16	12	5	15	6	0	2	5	5	0	22	11	11	0	19	0	13	0	0	0	0	3	0	1	0	0	0	0	0	63	109	56	47	36	26	56	44	41	34	43	3	4	2	0	0	0	0	0	0	0	0	2	0
root__Root;domain__Archaea;phylum__Asgardarchaeota	0	0	0	0	0	0	0	0	0	0	0	0	0	0	0	0	0	0	0	0	0	0	0	0	0	0	0	0	0	0	0	0	0	0	0	0	0	0	0	0	0	0	0	0	0	0	0	0	0	0	0	1	0	0	0	0	1	0	0	0	0	0	0	0	0	0	0	0	0	0	0	0	0	0	0
root__Root;domain__Archaea;phylum__Altiarchaeota	0	0	0	0	0	0	0	0	0	0	0	0	0	0	0	0	0	0	0	0	0	0	0	0	0	0	0	0	0	0	0	0	0	0	0	0	0	0	0	0	0	0	0	0	0	0	0	0	0	0	0	0	1	1	0	1	0	0	0	0	0	0	0	0	0	0	0	0	0	0	0	0	0	0	0
root__Root;domain__Archaea;phylum__Aenigmarchaeota	0	0	0	0	0	0	0	0	0	0	0	0	0	0	0	0	0	0	0	0	0	0	0	0	0	0	0	0	0	0	0	0	0	0	0	0	0	0	0	0	0	0	0	0	0	0	0	0	0	0	0	0	2	5	2	1	5	0	10	2	0	1	0	0	0	0	0	0	0	0	0	0	0	0	0
Unassigned	2370	2271	2322	2087	2021	3158	2030	2938	2012	2073	3084	1495	1072	2285	2103	1705	1980	1870	2118	2232	3556	2093	2235	2724	2554	2835	3763	2869	2551	2197	673	368	3273	3277	4904	164	3625	208	2890	2791	3327	2447	2398	2580	3072	2183	2454	2147	2466	2065	393	3634	5918	5781	5615	7099	6140	11000	7190	4895	14501	8038	463	13979	15820	4421	4726	3139	148	1814	3143	3910	3554	2895	2810
Unaligned	10830	9968	9967	10596	8197	12179	7143	9102	7790	9796	11685	5570	3813	8583	8412	5764	7271	5512	6420	12252	14322	9802	9965	11385	12394	11380	14651	14924	9902	9053	2980	1394	15895	12697	15215	784	15245	821	11092	3846	3950	3896	5136	6093	7596	6154	4679	6200	6339	5175	1105	8004	6788	8721	9708	12614	11778	11404	8111	8223	8567	8954	907	3769	4037	866	7939	5531	371	7500	2208	5773	4383	6876	4613
