sample_id,k121_1708036_69,k121_15532_6,k121_686909_81,k121_1643710_7,k121_64041_9,k121_466249_1,k121_357241_1,k121_764851_3,k121_1229424_2,k121_580500_2,k121_1049150_7,k121_566136_4,k121_1638165_15,k121_1246460_4,k121_302252_1,k121_118679_6,k121_1488741_1,k121_731759_3,k121_1365491_2,k121_724130_3,k121_1299587_5,k121_1655639_2,k121_965840_2,k121_1643710_6,k121_1423813_2,k121_68825_2,k121_1273179_10,k121_1057301_2,k121_1046017_2,k121_1259309_2,k121_365816_2,k121_77453_2,k121_401236_1,k121_1589252_3,k121_997836_1,k121_671215_2,k121_500579_3,k121_1809809_1,k121_858589_5,k121_538461_3,k121_736202_1,k121_79954_69,k121_1519353_3,k121_58970_1,k121_1762969_1,k121_252136_5,k121_255520_3,k121_50166_2,k121_1686166_1,k121_660679_2,k121_1269806_2,k121_185419_2,k121_790124_1,k121_895379_1,k121_495553_2,k121_1494871_1,k121_1704035_1,k121_981513_1,k121_115983_6,k121_670656_5,k121_255479_3,k121_893075_2,k121_724130_4,k121_1330000_1,k121_1085118_2,k121_270992_7,k121_1292698_3,k121_178939_6,k121_1325277_1,k121_790052_6,k121_210290_1,k121_205890_1,k121_1602733_1,k121_667899_1,k121_816922_1,k121_50545_1,k121_797356_1,k121_780262_2,k121_109860_2,k121_1272857_1,k121_40257_1,k121_339048_1,k121_1082478_2,k121_238593_1,k121_1294233_4,k121_942206_1,k121_370213_1,k121_1290865_1,k121_42076_1,k121_900900_5,k121_1288254_1,k121_611494_1,k121_479849_1,k121_1282450_2,k121_1092380_2,k121_401896_1,k121_1956670_1,k121_438003_1,k121_1788674_3,k121_796109_1,k121_906279_2,k121_1361241_2
A01,7.615,2.653,5.909,1.905,4.676,8.831,7.717,0.065,0.26,0.319,0.23,0.946,0.193,0.076,7.086,0.324,0.119,0,0,0.199,0.277,0.491,0,0,0.257,2.354,0,3.976,1.387,1.223,0,0,0.334,0,0.868,5.55,9.428,0,3.26,2.837,2.165,54.219,3.421,0.404,4.682,2.232,0.126,0.232,0,0.347,0,2.088,0.946,4.497,0.542,0,1.005,5.489,46.917,0,3.388,0,0.058,0,0,64.118,0.735,1.022,0,0.47,0,0.383,0,0,0.391,0.394,0,0,0.125,9.473,4.246,8,3.196,0.678,2.388,1.027,1.945,1.475,3.308,0,2.06,2.338,0.185,0,0,0,2.8,0,0,4.633,0.42,0.957
A02,6.057,2.237,4.533,1.904,4.463,7.608,7.519,0.703,0.394,0.878,0.286,1.652,0.319,0.268,5.538,0.369,0.143,0,0,0,0.125,0.601,0,0.205,1.285,4.412,0.122,10.873,2.834,4.692,0,0,0.495,0,7.33,7.256,17.203,0,9.56,5.134,2.209,24.876,1.501,0.455,4.86,2.526,0,0,0,2.469,0.068,1.231,0.261,4.621,0.982,0,0.965,12.174,26.35,0.364,3.109,0,0,3.102,0,21.319,2.947,1.803,0,0,0.185,0,0.386,0.265,2.539,2.661,0,0,0.195,10.917,0.415,7.464,5.575,2.102,1.006,0,1.047,0.821,1.059,0,2.667,3.699,0,0,0,0.509,1.92,0.582,0.865,17.736,0.681,1.272
A03,5.112,1.165,4.423,1.255,4.246,5.615,5.917,0.137,0.081,0.061,0,0.656,0.079,0.197,3.673,0.09,0,0,0,0,0.217,0.38,0,0,0,0.038,0,0.512,1.483,1.223,0,0,0.267,0,0,1.251,1.864,0,1.944,2.036,2,12.438,4.423,0.255,2.804,0,0.252,0,0,0,0,1.18,0.729,0,0.967,0,0.943,1.733,5.43,0,1.528,0,0,0,0,8.661,0,1.849,0,0,0,0,0,0,0,0,0,0,0.351,4.098,0.83,7.185,2.358,1.211,0.78,0.366,1.625,1.24,1.69,0.169,0.976,0.262,0.119,0,0,0.191,2.488,0,0,1.122,0,0.204
A05,2.909,1.285,3.076,0.637,2.418,3.023,2.838,0.357,0.128,0.205,0.706,0,0.411,0.436,2.646,0.113,0,0,0,0,1.141,0,0,0,0.514,0.14,0,2.209,0.596,0.917,0,0,0.47,0,0.328,1.797,4.979,0,2.811,2.574,1.295,22.627,0.49,0.161,2.425,0.841,0.085,0,0,1.736,0,0.481,0.084,0.337,0.413,0,0.16,2.157,9.004,0,0.576,0.128,0,0.672,0,18.808,0.368,0.623,0,0,0,0,0,0,0,0,0,0,0,2.669,0,2.518,1.326,0,0.778,0,0,1.026,3.169,0,0.618,2.382,0.191,0,0,0,2.15,0,0.245,2.308,0,0.432
A06,6.257,2.233,6.231,1.249,4.447,9.04,6.245,0.455,0.198,0.422,0.192,0.699,0.094,0.408,7.087,0,0.401,0,0,0.061,0.424,0.487,0,0,0.514,1.89,0.303,2.642,0.594,2.293,0,0,0.673,0,1.311,4.705,6.591,0,7.829,2.205,2.084,16.532,3.651,0.298,5.436,1.334,0.156,0,0,0.347,0,1.081,1.004,2.549,0.527,0.059,1.046,5.228,21.964,0,3.122,0,0,0.365,0,28.554,0,2.359,0,0,0,0,0,0,0.648,1.941,0,0,0.332,10.15,1.967,8.999,2.817,0,1.746,0.556,1.151,1.551,0,0,2.591,2.385,0.195,0,0,0,1.503,0,0.318,9.811,0.42,1.352
A07,7.222,2.169,5.884,2.331,5.92,10.724,10.323,0.572,0.192,0.223,0.061,1.363,0.391,0.693,10.252,0.254,0.106,0,0,0,0.673,0.54,0,0,0,0.172,0.139,0.595,0,0,0,0,0.245,0.077,0,0.331,3.564,0,1.014,4.71,3.827,41.804,3.391,0.756,5.84,0.096,0,0.561,0,0,0,2.37,0.622,0,0.839,0,2.255,1.826,42.723,0,3.402,0,0,0,0,37.027,0,1.722,0,0,0,0,0,0,0,0,0,0.551,0.951,10.262,5.757,10.027,2.768,0,3.451,0.807,2.307,1.528,3.18,0,0.699,4.915,0.165,0,0,0,3.303,0,0.462,4.767,0,0.651
A08,10.008,2.685,8.383,2.973,7.551,9.255,11.617,0.794,0.276,0.486,0,2.243,0,1.635,12.17,0.735,0,0,0,0.552,0.488,0.354,0,0.216,0.536,7.288,0.234,15.079,3.383,9.202,0,0,0.591,0.145,7.737,9.225,23.237,0,10.49,7.939,1.777,76.558,2.518,0.749,7.118,8.253,0,0.207,0,3.007,0,1.595,0.605,12.993,0.544,0,2.282,17.772,103.353,0,3.052,0,0.36,3.283,0,104.759,2.517,3.404,0,0,0,1.939,0,0.337,0,1.209,0,0,1.057,18.695,3.433,11.574,4.149,1.751,3.226,0.572,0.957,1.354,2.008,0,5.288,7.924,0.901,0,0.223,0.803,2.472,0.551,0.802,12.583,3.672,0.676
A09,11.309,3.308,9.475,2.515,8.161,16.304,11.951,0.576,0.04,0.323,0.207,1.117,0.263,0.996,16.027,0.061,0,0,0,0.162,0.497,0.122,0.194,0.076,0,0.541,0.377,0,0,0.917,0,0,0.731,0,0.243,0.128,5.104,0,0.101,5.26,2.644,86.493,8.819,1.052,8.055,0,0.057,0.557,0,0,0,3.406,2.009,0.335,1.548,0,2.671,1.748,63.223,0,4.84,0,0,1.095,0,76.827,0,2.271,0,0,0,0,0,0,0,0,0,0,0.432,15.087,3.438,17.504,2.403,0.418,2.73,0.596,3.214,2.657,0,0.768,6.567,4.254,1.338,0,0,0,4.152,0,1.422,0,0,1.571
A10,8.293,3.319,6.159,2.074,6.317,10.661,10.462,0.607,0.145,0.47,0.103,3.504,0.376,0.507,9.302,0.318,0.072,0.065,0,0.24,0.253,0.843,0,0.091,1.762,4.827,0,9.104,1.343,3.211,0,0,0.246,0,4.662,12.682,14.017,0,2.964,4.431,1.758,78.84,3.933,1.042,5.798,5.4,0,0,0,0.694,0.835,3.581,0,3.698,1.203,0.075,2.321,14.742,79.694,0.724,1.941,0,0,3.207,0,82.789,1.103,1.978,0,0,0.188,0,0,0,1.172,0.394,0,0,0.58,15.078,2.485,10.06,5.139,0.388,2.354,0.43,1.456,2.611,0.469,0.43,4.052,3.998,0.388,0,0.414,0,2.985,0,1.157,5.25,1.261,1.58
A11,10.074,2.859,7.115,2.375,6.056,10.808,9.58,0.36,0.22,0.99,0.585,1.96,0.096,0.551,10.549,0.335,0.226,0,0,0.198,0.117,0.366,0.076,0.097,1.799,0.176,0.111,2.871,0.744,1.07,0,0.145,0.904,0.16,2.226,4.939,11.002,0,3.69,3.268,3.812,37.887,5.454,1.302,6.492,0.47,0.148,0.205,0,0.312,0,2.678,0.422,3.048,0.512,0,2.919,5.408,33.441,0,2.096,0,0,2.345,0,44.011,0.551,1.586,0,0,0,0.346,0,0.193,0.685,1.192,0,0,0.493,9.351,3.917,15.174,4.003,0.315,1.764,0.836,2.208,1.621,1.839,0.948,2.934,4.155,0.583,0,0,0,3.478,0,0.273,2.486,0.933,0.37
A12,10.162,2.699,8.376,2.166,8.833,13.472,13.609,0.541,0.13,0.289,0.06,3.044,0.147,0.594,13.662,0.238,0.172,0,0,0.576,0.184,0.584,0.083,0.083,0,0.316,0.201,1.28,0.229,0.917,0,0,1.094,0,1.068,1.017,2.878,0,3.036,6.269,3.681,77.934,5.303,0.851,6.396,1.032,0.162,0,0,0.684,0,3.641,1.009,1.06,2.141,0,3.218,4.14,107.203,0.182,5.135,0,0.127,0.597,0,108.843,0.735,2.037,0,0.249,0,0,0,0.239,0,0,0,0,0.176,12.115,3.986,10.948,7.227,2.211,3.289,1.284,1.739,2.168,1.543,0,2.931,6.293,0.589,0,0,0.264,0.594,0,0.215,1.333,0,0.991
A13,10.808,3.142,7.705,2.023,5.26,9.876,8.382,0.672,0.209,0.998,0.44,3.599,0.229,0.73,8.234,0.351,0.133,0,0,0.413,0.372,0.724,0.097,0.121,1.284,3.007,0.65,13.333,2.207,5.962,0,0,0.774,0,3.437,10.474,12.233,0,6.428,8.877,1.931,60.892,2.459,0.372,6.967,9.568,0.1,0.077,0.095,1.6,0.167,2.572,0.631,7.742,0.787,0,1.703,16.6,57.092,0,3.697,0,0,1.646,0,68.748,1.896,2.828,0,0,0,1.724,0,0,0.391,1.37,0.183,0,0.298,15.807,1.227,11.168,3.409,1.085,1.746,0.401,2.344,1.438,2.31,0.218,2.575,3.28,0.215,0,0.082,1.609,0.994,0,1.406,14.561,4.308,0.5
A14,4.351,1.006,3.138,1.048,3.032,4.757,6.432,0.421,0.04,0,0.039,0.504,0.118,0.091,3.701,0,0,0,0,0.122,0,0.088,0,0,0,0.446,0.081,0.149,0,0,0,0,0.501,0,0,0.993,0.233,0,0.991,2.001,1.171,14.033,1.867,0.351,3.938,0,0,0,0,0.124,0,0.986,0.42,0.177,0.335,0,0.661,3.825,16.443,0,0.742,0,0,0,0,13.812,0,1.257,0,0,0,0,0,0,0,0.197,0.137,0,0,5.578,3.256,5.192,2.535,0.412,0.623,0.615,0.803,1.26,0,0,2.362,2.401,0.102,0,0,0,0.227,0,0.318,0.833,0,0
A15,11.471,2.162,8.222,2.896,7.809,15.572,12.681,0.691,0.16,0.171,0.19,1.719,0.399,0.376,13.372,0.474,0,0,0,0.459,0.259,1.067,0,0,0,0.176,0,0.423,0,0,0,0,0.367,0,0.133,0,3.244,0.113,0,5.307,1.866,40.803,7.456,0.787,7.594,0.685,0,0.405,0,0.174,0,2.432,1.36,0,1.988,0,2.486,2.518,41.618,0,4.476,0,0,0.253,0,45.227,1.103,1.343,0,0,0,0,0,0,0,0,0,0,0.533,9.899,2.362,14.254,2.611,0.216,2.377,0.508,1.526,2.455,0,0,8.135,3.612,0.289,0,0,0,3.469,0,1.209,0.747,0,0.772
A16,11.663,2.292,7.902,2.409,6.641,12.937,10.966,1.135,0.162,0.128,0.176,2.26,0.217,0.79,10.321,0.295,0.086,0,0,0.187,0.418,0.233,0,0,0.727,1.345,0.311,4.151,1.633,2.628,0,0,0.695,0,1.228,4.8,8.873,0,2.441,3.861,2.271,44.346,6.613,0.58,8.646,1.532,0,0.267,0,1.041,0,2.59,1.694,2.438,1.233,0,2.804,5.49,48.126,0,4.33,0,0,1.095,0,50.922,0,1.619,0,0,0.356,0.14,0,0,0.546,1.144,0,0,1.028,13.773,3.947,11.997,5.139,0.33,1.605,0.975,0.946,1.875,0.822,0,5.625,4.279,0.119,0,0,0.483,2.448,0,0.32,8.278,0,1.08
A17,6.45,3.187,6.096,2.442,5.66,7.634,8.473,2.214,1.937,2.374,0.908,5.23,0.088,0.663,7.523,0,0,0.098,0.348,0,1.284,1.013,0,0,4.421,14.857,0,38.385,2.487,13.246,0,0,0.851,0,5.649,13.77,36.595,0,11.818,12.327,3.373,14.94,3.219,1.12,7.767,25.037,0.56,0.057,0.519,5.637,1.304,0.695,0.918,10.194,1.066,0.478,0.844,27.131,11.355,0,3.166,0,0,24.726,0,12.266,5.39,2.283,0,3.203,0,1.529,0.968,0,2.685,2.432,0,0,1.221,11.862,1.837,11.05,5.167,0.684,1.931,1.037,0.893,3.243,0.166,2.011,3.51,6.356,0.175,0,0.152,0.399,1.128,0,0.716,42.344,8.989,0.898
A18,8.557,3.601,8.199,2.595,7.226,8.447,8.592,1.496,1.031,2.408,1.37,8.306,0.27,0.52,8.073,0,0.177,0,0.369,0.244,1.73,0.255,0,0.104,6.216,16.203,0.365,71.622,19.478,10.966,0.833,0,0.577,0,4.854,19.72,48.059,0,15.618,9.885,3.012,7.865,5.964,0.132,7.542,35.135,0.113,0.18,0.346,6.332,0.856,1.369,3.283,11.787,3.225,0.269,0.603,26.032,4.376,0.327,3.606,0,0.139,25.678,0,5.266,3.477,3.169,0,4.728,0.898,2.25,0.178,0,2.677,5.136,0,0.256,0.348,20.556,0.39,12.595,4.123,2.924,2.47,1.04,3.058,4.558,0.235,0,4.473,8.032,0.186,0,0,0.277,3.823,1.475,1.191,39.978,10.756,2.074
A19,6.443,2.953,6.333,1.624,5.735,7.3,9.159,0.673,0.522,0.871,1.09,13.02,0.133,0.728,7.008,0.087,0.69,0,0.369,0,0.395,0.106,0.109,0.121,2.769,16.874,0.241,44.165,14.92,12.518,0,0,0.369,0,8.556,17.975,42.385,0,20.694,7.618,2.523,6.407,4.777,0.427,7.685,28.458,0.23,0,0,6.38,0.88,1.898,1.577,14.143,1.441,0,1.017,12.345,4.126,1.107,2.51,0,0.273,8.892,0,5.775,4.165,1.884,0,6.312,0.376,3.626,1.544,0.482,1.087,2.44,0,0.15,0,12.413,0.974,11.968,5.456,2.628,2.451,1.047,4.41,2.458,0,0,2.778,4.797,0.502,0,0.152,0.281,2.564,0,1.215,31.225,8.062,0.219
A20,8.823,3.3,6.709,2.436,6.204,7.412,7.861,1.204,0.91,0.664,0.804,12.296,0.265,0.645,11.724,0,0.059,0.091,0.245,0,0.281,0.755,0,0.188,3.153,14.802,0,34.691,9.42,12.705,0,0,0.491,0,12.989,17.906,38.303,0,17.154,9.45,4.662,9.04,5.763,1.541,9.148,25.888,0,0.397,0,11.789,1.056,2.067,1.383,10.065,1.025,0,1.911,32.817,3.286,0.738,5.783,0.233,0.538,7.765,0,5.488,7.882,3.501,0,2.537,0.183,1.069,0.713,0,4.126,4.787,0,0.395,0.202,22.91,0.599,10.817,5.179,2.003,1.977,2.2,4.875,2.949,0,0.474,4.833,8.71,0.546,0,0,0.537,2.623,0,0,25.292,14.224,1.139
C141,4.343,1.086,3.107,1.22,2.917,4.71,4.67,0.741,0.846,0.906,0.708,0.236,0.223,0.174,4.262,0,0.593,0,0.246,0,0.562,0.255,0.151,0,1.798,1.128,0.254,1.012,0,3.004,0,0,0.137,0,0.62,1.799,2.843,0,12.12,2.732,1.6,2.32,3.019,2.546,8.789,96.684,0,0.456,0.346,1.203,0,0.98,0.291,3.88,0.603,0,1.061,1.211,0.684,4.31,1.817,0.35,0,3.176,0,0,0,0.775,0,0,0.752,0.383,0.287,0.763,0.275,0,0,0,0.505,5.613,0.205,6.451,1.499,0,1.72,0.156,0.674,1.213,0.232,0.316,0.659,1.618,0,0,0.497,0.12,0.808,0,0,7.231,0,0
C142,5.105,1.931,3.667,2.349,3.057,5.334,5.268,0.677,0.098,0.807,0.834,0.48,0,0.311,6.611,0.043,0.062,0,0,0.051,0.125,0.23,0,0.097,1.028,2.119,0.335,0.842,0,5.452,0,0,0.241,0.129,0.328,4.967,1.957,0,12.248,3.233,1.167,1.06,1.388,1.681,8.019,226.231,0.215,0.154,0.692,0.868,0,0.606,0,2.883,0.728,0,1.392,1.637,0.362,9.973,1.799,0.715,0,5.443,0,0,1.54,0.825,0,0.373,0,1.462,0,0,2.578,0,0,3.34,0.667,5.937,0.483,6.931,1.124,1.253,1.225,0,1.823,1.318,0.388,0,2.449,3.319,0,0,0.779,0,1.682,0,0,2.244,0.79,2.213
C143,5.013,1.169,2.892,0.835,2.831,8.454,4.156,1.704,0.095,0.13,0.049,0.253,0.093,0.063,2.241,0.165,0.231,0,0,0.095,0,2.407,0.326,0,0,0.281,0.367,0.248,0,0.917,0,0,0.343,0,0,0.738,4.654,0,0.676,1.894,1.971,1.263,1.503,0.17,2.279,0,0,0,0,0,5.38,0.771,0.271,0.353,1.253,0,0.202,4.35,0,0.141,1.794,0.158,0.299,0.242,0,0.066,0,1.615,0,0,0,0,0,0,0.781,0,0,0,0,4.553,0.346,3.256,1.01,0.408,0.515,0.427,0.679,1.232,0,0,3.362,0.428,0.375,0,0.09,0,0.495,0,0,3.95,0,0
C144,5.531,1.878,4.427,1.339,4.474,7.839,5.973,0.236,0.355,0.71,0.376,0.6,0.084,0.921,6.621,0,0.329,0,0,0,0.379,0,0,0,0,0.37,0.057,0,0,0.612,0,0.133,0.141,0,0,0,3.65,0,0.338,3.906,1.348,1.558,5.698,1.746,5.563,0,0,0.134,0,0,0,1.472,0.743,1.031,0.651,0,1.377,0.825,0,0,2.568,0,0.145,0.365,0,1.838,0,1.311,0,0,0,0,0,0,1.562,0,0,0,0,7.955,0,5.308,5.04,0,2.025,0.766,0.398,0.355,0,0,4.314,1.185,0.343,0,0,0,1.971,0,0.525,0,0,0
C145,6.739,2.582,5.201,2.49,4.21,8.846,7.574,0.702,0.608,0.693,0.698,0.759,0.087,0.398,7.7,0.3,0.267,0,0,0.09,0.553,0.255,0,0,0.512,0.39,0.083,0.149,0,0.881,0,0,0.359,0,0,0.396,5.242,0,0.277,3.612,1.819,1.515,5.841,1.156,4.421,0.342,0,0.055,0,0,0,1.343,0.552,0.69,0.96,0,0.54,0.625,0,0,3.716,0,0,0,0,0,0.288,1.2,0,0.317,0,0,0.386,0,0,0,0,0,0.638,8.43,0.725,8.077,4.256,0.474,1.952,0.77,0.829,2.355,0.194,0.128,3.523,0.903,0.904,0,0.206,0.204,4.368,0,0,0.586,0,0.219
C146,4.537,1.1,2.364,1.449,2.744,3.427,3.634,0.115,0.206,0.459,0.838,0.86,0.083,0.679,3.413,0,0.234,0,0.66,0,0.219,0.38,0,0,0.257,1.46,0,0.379,0.299,1.988,0,0,0.523,0,0.297,2.318,4.863,0,5.805,1.35,0.869,1.523,2.358,1.396,9.937,130.067,0.115,0.238,0,2.038,0.126,1.248,0.794,2.163,0.857,0,0.793,2.277,0,4.4,2.912,0,0,3.501,0,0.093,0.368,0.279,0,0,0,0.383,0.193,0,1.451,0,0,0.775,0.201,5.635,0,2.675,2.102,0.424,1.446,0,0.739,1,0,0,2.575,2.101,0,0,0,0,0.604,0,0.323,0.978,0,0
C147,6.782,1.119,4.538,1.605,4.374,7.911,8.67,0.187,0.363,0.713,0.627,0.718,0.31,0.354,7.174,0.1,0.42,0,0.246,0.233,0.468,0,0.343,0,0.514,1.126,0.215,0.624,0.12,0.621,0,0,0.24,0,0,0.331,4.484,0,0,2.383,1.992,2.26,7.166,0.797,5.121,0,0.276,0.403,0.346,0,0.142,1.473,0.332,0.289,1.899,0,2.146,1.01,0,0,3.387,0,0,1.294,0,0.798,0,0.669,0,0,0,0,0,0,1.172,0.787,0,0,0.629,10.443,0.401,5.791,3.405,1.155,1.815,0.101,1.216,1.243,0.191,0,4.058,2.393,0.356,0,0,0,5.31,0,0,0,0,1.423
C148,7.186,2.71,5.721,1.859,4.619,18.313,8.522,2.367,0.174,0.128,0.115,0.613,0.056,0.649,8.023,0.104,0.382,0,0,0,0.194,3.52,0,0,0,0,0.121,0.893,0,0.306,0,0,0,0,0.134,1.434,11.884,0,0,2.984,1.957,3.117,8.992,0.129,4.203,0,0,0,0.346,0,6.758,2.075,0,1.237,0.914,0,0.668,4.953,0,0,1.971,0,0.723,0.978,0,0.551,0,2.132,0,0,0.135,0,0,0,0,0,0,0,0.308,12.883,1.36,7.683,1.858,0,1.653,0.413,0.576,2.731,0.469,0.472,9.283,0.444,0.545,0,0,0,5.726,0,0,9.622,0,0.373
C149,6.31,1.417,4.617,2.13,3.078,15.134,6.017,1.771,0,0.321,0.047,0.206,0,0.149,8.111,0.043,0.188,0,0.246,0,0,3.004,0.221,0,0.247,0,0,0.197,0,0.687,0.124,0,0.374,0,0.126,1.32,6.574,0,0.568,2.858,1,1.116,7.43,1.609,2.668,1.075,0.117,0.237,0,0,4.928,2.094,0.226,0.177,0.843,0,0.611,4.085,0,0,1.656,0.148,0.291,1.137,0,0,0,0.914,0,0,0,0,0,0,0,0,0,0,0.347,7.44,0.548,6.286,2.124,0.216,0.16,1.296,0.387,3.234,0,0.221,3.733,0.942,0.295,0,0,0,2.354,0,0.817,3.45,0,0.336
C150,3.325,1.026,2.528,0.835,2.364,4.138,3.835,0.72,0.401,0.374,0.701,0.285,0,0.333,4.219,0,0.699,0.121,0,0.494,0.371,1.251,0,0,1.324,1.438,0,0.298,0,3.488,0,0,0.32,0,2.591,4.958,4.961,0.253,13.697,1.847,0.55,2.235,1.261,2.67,8.965,194.734,0,0,0.346,0.404,0.144,0.567,0.09,3.466,1.072,0,0.125,2.777,0.592,9.322,1.579,0.364,0.338,2.861,0,0.311,0,0.925,0,0,0,0,1.158,0.161,1.367,0,0,1.896,1.02,5.406,0,4.779,0.763,0.216,1.928,0,1.703,1.852,0,0.398,3.842,1.444,0.566,0,0.415,0,1.143,0,0.32,2.908,0.672,0.738
C151,4.797,1.891,4.105,1.186,3.072,5.561,4.467,0.289,0.264,0.26,0.233,0.444,0,0.464,4.43,0,0.644,0,0.718,0,0.379,1.065,0.255,0.105,0.189,1.061,0.299,1.339,0,1.529,0,0,0.273,0,0.328,3.519,4.969,0,10.042,1.889,2.697,2.298,2.776,0.736,7.035,106.199,0.063,0,0.346,2.431,0.164,1.191,0.633,4.472,1.449,0,0.85,1.946,0.604,5.09,2.722,0,0.355,2.071,0,0.266,1.012,1.532,0,0.332,0.376,0,0,0,1.701,1.827,0,0.81,0.757,5.878,0.415,4.987,2.954,0,1.162,0.436,0.902,1.026,0.211,0,3.958,3.385,0.422,0.461,0.549,0.257,2.168,0,0,2.258,0,0.358
C152,1.935,0.284,1.51,0.237,0.939,1.517,1.586,0.155,0.064,0.227,0.299,0.143,0,0.119,2.098,0,0.23,0,0,0,0.12,0.51,0.197,0,0,0.6,0,0,0,0,0,0,0.122,0,0,0,2.287,0,0,1.407,0.128,0.234,1.045,0.459,1.471,0,0,0.27,0,0,0,0.684,0,0,0,0,0.242,0.318,0,0,0.383,0,0,0,0,0,0.368,0.141,0,0,0,0,0,0,0,0,0,0,0,1.915,0,2.195,0.774,0,0,0,0,0,0,0,0.7,0.607,0,0,0,0,1.419,0,0.215,4.122,0,0
C153,0.394,0.076,0.258,0.297,0.474,0.445,0.651,0,0,0,0,0.138,0.068,0,0.9,0,0,0,0.739,0,0,0,0,0,0,0.2,0.075,0.343,0,0.765,0,0,0.14,0,0,0.106,1.171,0,0.609,0.44,0.261,0.137,0,0,0.68,45.679,0,0,0,0.347,0,0,0,0.353,0.118,0,0,0.18,0,0.545,0.276,0,0,0.573,0,0,0,0,0,0,0.188,0,0,0,0,0,0,0,0,0.75,0,0.685,0.143,0,0.126,0,0.229,0,0,0,0.605,0,0,0,0,0,0.516,0,0,0,0,0
C154,9.111,1.837,6.669,1.71,4.898,13.104,9.163,0.956,0.705,0.631,0.235,0.772,0,0.748,7.851,0.103,0,0,0,0,0.816,0.927,0.126,0,0.771,1.29,0.073,0.378,0,1.223,0.311,0,0.632,0,0.089,0.581,5.055,0,0,4.759,1.566,2.971,9.926,2.07,4.062,0,0,0,0.105,0,0.352,3.023,0.494,0.707,0.842,0,2.316,0.719,0.107,0,3.281,0,0.364,0.73,0,0.587,0.735,1.369,0.373,0.155,0.145,0,0,0,2.464,0.643,0,0,0.797,10.275,1.414,13.262,3.123,0,1.316,0,0.407,2.017,0,0.163,2.641,2.113,0.188,0,0,0,1.47,0,0.759,4.861,0,0.38
C155,6.828,2.145,4.888,2.107,3.854,8.015,7.855,0.391,0.444,0.489,0.553,0.842,0.05,0.575,8.299,0.069,0.396,0,0.223,0.096,0,0.128,0,0,0.514,1.27,0.336,0.544,0,1.529,0,0,0.157,0.071,0,0,5.274,0,0,3.221,3.118,3.044,4.26,1.26,5.895,0,0,0.355,0,0,0,1.935,0.545,0,1.151,0,1.037,1.205,0.362,0,2.754,0,0.072,0,0,0,0,1.04,0,0,0.273,0,0.193,0.171,0.552,0,0,0,0.317,8.287,0,9.399,3.529,0.118,1.468,0.347,1.333,2.966,0,0,3.961,1.282,1.173,0,0,0,5.693,0,0.32,1.744,0,0.441
C156,12.634,3.164,9.657,2.643,5.635,24.475,14.532,3.273,0.228,0.319,0.101,1.25,0.365,0.702,11.308,0.064,0.647,0,0.246,0.246,0,7.317,0.51,0,0,0.041,0.123,0.977,0.231,0.686,0,0,0.851,0,0,1.249,13.504,0,0.783,6.276,2.99,5.976,8.025,0.628,6.066,0,0.325,0.679,0,0.694,7.05,3.357,0.472,0.177,1.604,0,2.235,8.91,2.806,0,2.144,0,0.206,0.652,0,1.471,0,2.067,0,0,0,0,0,0,1.172,0.294,0,0,1.577,15.003,3.271,8.936,7.893,1.394,2.112,0.652,1.651,4.192,0,0,19.19,2.179,0.241,0,0,0,3.819,0.797,0.903,11.686,0,0.62
C157,0.199,0.178,0.151,0.048,0.21,0.042,0.486,0.075,0,0,0,0,0,0.072,0.497,0,0,0,0,0,0,0,0,0,0,0.086,0,0.298,0,0.306,0,0,0,0,0,0,0.167,0,0.676,0,0.295,0.273,0.304,0,0.178,10.305,0,0.201,0,0,0,0,0,0.177,0,0,0,0,0,1.76,0.31,0.162,0,0,0,0,0,0,0,0,0,0,0,0,0,0,0,0,0,0.514,0,0.301,0,0,0,0,0,0,0,0,0,0.158,0.198,0,0.635,0,0,0,0,0,0,0
C158,7.312,2.379,5.614,1.156,5.713,9.089,7.393,0.082,0.293,0.807,0.783,1.099,0.17,0.905,6.961,0.181,0.111,0,0,0,0.522,0,0,0,0,0.36,0.077,0.868,0,0.762,0.311,0,0.543,0,0,0.129,2.959,0.337,0.149,4.024,2.66,3.066,7.54,2.718,6.279,0.132,0,0.838,0,0.163,0,2.081,0.853,0.707,1.397,0,1.809,0.657,1.087,0,3.246,0,0.164,1.095,0,0,0,0.925,0,0,0.145,0,0,0,0.391,0,0,0,0.321,6.975,0,10.169,4.205,0,1.433,0.545,0.735,1.383,0.346,0.231,2.839,1.948,0,0,0.513,0,2.81,0,0,2.419,0,0.954
C159,0.198,0.029,0.117,0.075,0.063,0.105,0.222,0.15,0,0.21,0,0.108,0.092,0,0.234,0,0,0,0,0,0,0,0,0,0.239,0,0,0,0,0,0,0,0,0,0,0,0,0,0.252,0.13,0,0,0,0,0.34,24.187,0,0,0,0,0,0,0,0,0,0,0.091,0.36,0,0.602,0.313,0,0,0,0,0,0,0.093,0,0,0,0,0,0,0,0,0,0.258,0,0.27,0,0,0,0,0.421,0,0,0.121,0,0,0.605,0.314,0.15,0,0,0,0,0,0,0,0,0
C160,6.777,1.963,5.904,1.476,3.998,11.881,8.915,0.466,0.289,0.247,0.202,0.706,0.088,0.525,7.256,0,0.267,0,0.493,0,0.276,0,0,0.094,0,0.361,0.274,0,0,0.528,0,0,0.631,0,0.179,0.054,3.996,0,1.055,3.355,2.686,3.645,5.7,0.91,5.035,0.24,0,0,0,0.168,0,2.286,0.239,0.353,1.647,0,0.791,1.971,0.475,0.182,2.738,0,0.124,0.182,0,1.007,1.838,1.569,0,0,0,0,0,0,2.185,0,0,0,0.538,11.307,0,7.943,3.376,0.56,1.347,0.199,0.472,2.246,0.901,0,4.211,1.208,0,0,0,0,2.613,0,0.824,0.525,0,0.667
C161,2.945,5.216,3.485,3.61,2.065,2.491,3.064,1.035,0.385,1.011,1.894,0.85,0.248,0.355,3.744,0,0,0,0.739,0,0,0.51,0,0,3.056,13.643,0,3.769,0,7.303,0,0.155,0.152,0,0.758,8.29,22.612,0,21.94,3.764,1.395,2.477,1.777,1.551,7.663,4572.003,0,0.241,0.692,0,0.333,1.332,0.302,11.936,2.888,0,0.465,4.459,0.308,1.806,7.136,0,0.124,2.979,0,0,0.368,1.096,0,0.746,0.188,0.383,1.499,0,4.688,0,0,0.698,0.178,6.441,0,5.944,2.724,0,7.492,0.08,0.315,0.679,0,1.084,2.828,5.578,0.386,0,0,0,3.783,0,0.323,13.058,0,0
C162,2.827,4.505,4.127,4.851,1.444,3.438,2.783,0.28,0.83,2.614,0.939,0.424,0.098,0.427,3.236,0,0,0,2.151,0,0.312,0.589,0.253,0.121,5.317,4.729,0,1.359,0.136,7.41,0.311,0,0,0,0.82,10.638,17.46,0,17.016,3.889,3.086,3.231,1.431,0.837,5.393,5692.482,0.115,0.097,0.519,0.347,0,0.671,0.324,5.324,4.163,0,0.357,3.849,0.362,0.364,2.196,0,0,3.607,0,0,0.368,2.663,0,0.552,0,0,1.458,0.191,10.267,0.295,0,0.175,0.944,6.303,0,3.606,2.838,0,8.69,0.631,0.361,0.324,0,0.69,2.968,2.918,0.129,0,0.152,0,2.537,0,0,11.081,0.824,0
C163,3.544,3.299,3.222,2.849,1.49,2.719,3.475,0.043,0.549,1.726,1.289,0.173,0.082,0.638,3.57,0,0.188,0.116,1.057,0,0.668,0.056,0.255,0,1.057,5.457,0.135,3.338,0.249,5.639,0,0,1.216,0,1.148,6.025,15.187,0,17.381,4.625,2.024,3.155,0.99,0.632,7.5,3095.95,0.43,0,0.519,0.984,0.633,1.496,0.514,4.405,3.124,0.17,1.242,2.38,0,5.663,8.084,0,0,3.277,0,0,1.569,1.652,0,1.019,0.752,2.299,1.931,0.122,8.551,0.738,0,0.607,0.484,4.173,0,3.612,1.664,0.102,4.696,0,0.653,0.989,0,0.543,4.697,2.539,0,0,0,0,1.537,0,0,12.328,0.42,0.66
C164,3.698,2.888,3.664,2.206,3.694,4.276,3.946,0.658,0.47,2.923,1.586,0.761,0,0.408,2.628,0.46,0.637,0,1.232,0,3.031,0.943,0,0,1.085,6.22,0.102,3.246,0,12.101,0.621,0,0.317,0,2.361,7.967,19.433,0,34.366,1.889,2.253,2.763,2.889,4.078,6.836,1205.683,0.078,0.164,0.346,0.694,0,1.703,0.876,13.191,1.837,0.089,0.844,6.441,0.181,3.971,6.568,0,0,4.866,0,0.184,1.828,2.659,0,0.372,0,0.192,2.094,0,7.008,0.319,0,2.047,0.175,6.19,0.389,5.141,1.914,0,2.548,0,1.055,1.252,0.186,0.474,1.504,6.014,0.165,0,0,1.124,1.24,0,0,5.467,0,0.275
C165,6.308,2.947,5.353,1.881,4.729,5.937,5.916,1.431,0.479,2.048,2.777,0.523,0.09,0.632,4.603,0,0.464,0.726,1.46,0.304,2.636,0.474,0.102,0,1.673,8.065,0.118,4.856,0,14.489,0,0,0.205,0.085,2.596,7.267,24.905,0,38.703,3.374,3.147,3.308,2.914,6.516,14.547,316.03,0.115,0.149,1.247,1.877,0.352,2.576,1.218,21.873,1.2,1.208,0.854,10.827,0,4.688,11.331,0.495,0.108,3.386,0,0.409,2.752,1.556,0,0.698,0.752,1.856,2.703,0.349,12.421,1.841,0.362,2.101,0.908,6.529,0,6.265,1.458,1.769,0.971,1.212,2.225,2.397,0,0.171,2.48,5.934,0.355,0,0,0.843,2.933,0,0,11.092,1.261,1.877
C166,21.53,3.387,25.442,2.505,5.925,4.402,4.566,1.899,1.276,3.353,1.78,0.938,0.376,0.814,5.262,0,0.6,0.242,2.703,0.213,14.068,0.383,0.699,0,2.55,9.272,0,5.781,0.268,17.035,0.305,0.315,1.544,0,1.311,9.312,31.272,0.673,49.349,3.159,2.907,2.133,3.599,9.489,12.562,241.304,0.089,0.646,0.346,1.394,0.12,4.308,1.24,24.558,1.429,2.622,1.083,12.929,0,5.344,7.932,0,0.161,11.384,0,1.195,4.227,2.165,0.3,1.108,1.731,0,3.341,1.137,11.996,0.95,0,4.572,0.687,6.74,0.185,6.373,1.309,0.384,2.518,1.673,1.74,1.874,0,1.24,4.222,6.763,1.348,0.152,0,0.837,2.594,0,0.445,18.067,0.403,1.191
C167,6.655,3.041,6.178,1.707,4.402,4.92,4.354,0.823,0.299,2.468,1.573,0.748,0.095,0.351,3.627,0.69,0.347,0.484,0.921,0,4.076,0.605,0.202,0,1.799,5.515,0.297,2.833,0.29,12.614,0,0,0.644,0,4.763,7.279,24.122,0,47.464,4.459,3.085,2.178,3.08,5.193,13.439,253.46,0.3,0.348,0.897,1.316,0,0.651,0.197,9.066,1.276,2.16,0.799,7.475,0,7.293,7.941,0,0.476,5.55,0,0.159,1.838,2.926,0.142,1.113,1.107,0.766,4.824,0.131,5.478,0.787,0,2.494,0.519,4.273,0,5.521,1.479,0.431,2.841,0.431,2.783,1.081,0,1.439,3.002,5.929,0,0,0,0,2.099,0,1.217,15.111,0,0.762
C168,5.493,2.069,4.686,1.629,3.885,4.951,4.595,0.746,0.394,1.222,0.865,0.354,0.504,0.355,3.753,0.805,0.168,1.255,0,0,5.036,0.509,0.114,0.079,2.657,5.974,0.095,4.292,0.584,11.982,0,0.22,0.78,0,2.305,9.181,17.207,0,31.425,3.043,3.349,3.069,2.511,3.372,11.001,203.006,0.228,0.067,0,0,0,2.056,0.8,12.17,1.333,0.356,1.431,5.698,0.362,8.147,4.509,0,0.327,4.741,0,0.202,1.654,2.071,0,0.183,0.376,0.766,0.65,1.939,5.832,0.394,0,6.444,0.19,5.693,0,6.728,1.918,1.293,1.944,0.385,0.812,1.221,0,0.171,2.813,6.638,1.158,0,0.104,0.223,1.611,0,0.804,9.453,0.417,0.423
C169,4.573,3.989,5.915,1.677,4.187,4.768,4.96,0.309,1.425,2.494,1.611,0.533,0.596,0.524,3.366,0,0.278,0.165,1.657,0,6.062,1.145,0.09,0,2.029,5.442,0,5.203,0,16.394,1.553,0.78,0.062,0,4.262,8.903,22.599,0,38.769,1.823,3.659,1.789,2.626,2.348,11.094,286.849,0.124,0,0.692,0.772,0,2.391,2.032,10.214,1.489,1.935,0.661,7.345,0.083,5.537,9.267,0.364,0,3.799,0,0.549,1.471,1.799,0,1.769,0.376,2.918,0,0.121,8.486,0.394,0,7.293,0.733,5.657,0,6.366,2.419,1.293,2.968,0,1.942,2.184,0,2.175,1.71,7.182,0.85,0.99,0.201,0.562,1.85,0,0.935,16.286,0.412,0
C170,5.407,2.106,4.995,2.089,5.459,5.521,6.113,1.257,0.866,2.034,1.489,0.909,0.15,0.704,5.228,0.107,0.504,0.242,0.734,0,1.496,0.255,0.255,0,1.858,5.969,0.357,7.528,0,12.73,0.311,0.072,0.099,0,1.587,5.103,32.362,0,43.615,2.575,2.692,2.629,2.239,3.608,10.268,406.833,0.345,0.607,0.519,2.444,0.904,2.016,2.254,14.488,1.171,0.962,1.29,5.825,0.077,6.985,11.109,1.091,0.258,8.265,0,0,3.708,2.021,0.182,0.736,0.376,1.149,0.547,0.497,5.452,0.591,0,7.212,0.714,6.317,0,6.573,2.441,0.736,2.529,0.8,0.864,1.48,0,0,1.567,3.866,0.424,0,0.127,1.122,2.221,0,0,16.589,0.824,0.775
C171,4.219,2.758,3.918,1.502,4.13,3.742,4.495,0.841,0.419,3.115,1.215,0.476,0.097,0.642,2.873,0,0.069,0.932,0.616,0.476,2.766,0.296,0.123,0,2.504,9.032,0.812,11.771,0.707,11.358,0.155,0.476,0.125,0,2.295,7.198,21.936,0,45.294,4.13,1.299,1.934,2.355,2.42,14.394,223.421,0.223,0.09,0.464,2.604,0.418,1.751,0.146,9.651,0.561,0.464,0.576,6.088,0.362,10.212,6.612,0,0.18,4.392,0,0,2.376,1.531,0,0.336,0.376,1.693,1.088,0.49,6.379,0,0.392,13.767,0.393,5.74,0,6.532,2.554,0,2.441,0.871,0.795,1.271,0,0.641,3.374,4.356,0,0,0,0,2.008,0,0.237,14.933,1.885,2.065
C172,0.894,0.806,1.005,0.607,0.698,0.596,1.034,0,0.122,0.407,0,0.251,0,0.127,0.912,0,0.23,0,0,0,0.758,0.51,0,0,0.386,0.562,0.098,1.381,0,3.254,0,0,0,0,0.656,0.828,6.204,0,9.35,0.469,1.123,0.527,0,0.152,2.223,38.429,0.187,0,0,0.694,0,0.535,0,2.716,0.263,0,0.587,2.14,0,1.926,0.738,0,0,1.095,0,0.695,0,0.331,0,0,0.188,0,0,0,0,0.394,0,0.667,0,0.863,0,1.087,0,0.151,0.514,0,0.688,0,0,0,0.977,2.308,0,0,0.7,0,0.118,0,0,0,0,0
C173,8.615,4.662,8.208,2.18,5.623,11.711,9.455,0.346,5.319,2.833,3.135,0.631,0.34,1.455,9.836,0,0.467,0.726,0.492,5.193,1.1,0.44,1.966,0.166,0.9,1.478,0.475,0.79,0.77,7.109,3.72,0,1.255,0.268,0.132,0,6.679,0,1.014,4.679,6.718,4.865,6.527,2.41,9.221,13.14,0.287,0.1,1.249,2.606,0,7.756,2.206,5.694,1.435,0.075,2.546,3.928,2.301,0,3.698,1.091,3.285,3.017,0,1.103,1.287,1.978,0.619,0.373,0.412,0,0.535,0.933,0.781,0.197,0,0.405,0.172,13.004,0,11.856,6.81,0.421,1.759,1.653,1.131,2.232,0,1.062,4.374,5.378,2.957,0,5.638,1.075,2.44,0,0.297,7.869,0,1.796
C174,7.864,15.476,6.533,3.216,7.231,11.553,9.648,0.759,47.25,31.098,32.421,0.914,0.545,3.388,9.999,0.314,0.39,6.688,7.193,26.842,16.928,0.651,6.853,0.08,13.472,15.509,0.253,5.417,0,34.705,16.575,0.568,0.756,0,0.328,0.128,21.423,4.195,9.596,5.043,6.073,3.359,4.57,16.974,8.514,16.018,2.199,0.197,10.113,3.465,0.112,24.59,2.764,41.905,2.542,3.136,2.882,23.343,1.33,1.686,2.703,2.364,19.787,22.504,0,0.875,12.234,8.614,0.466,0,8.682,3.16,3.64,4.031,40.178,0.5,0.398,0,0.764,15.985,0.83,10.113,6.913,5.443,2.642,0.127,1.905,3.882,0,10.232,2.758,1.124,1.604,0,8.089,4.506,3.467,1.228,10.282,15.869,0,0.969
C175,12.198,5.643,8.693,4.466,7.895,12.474,12.493,0.581,3.176,3.752,1.603,0.642,1.176,6.126,10.709,0.319,0.244,1.453,2.703,34.684,11.187,0.879,9.389,0,2.798,7.41,1.065,3.463,0.299,18.11,0.524,0.49,2.529,0,0.078,0,11.536,0.237,2.437,4.344,15.311,3.427,5.002,7.692,8.806,4.965,0.085,0,1.038,1.427,0,27.138,5.992,21.254,2.828,2.756,2.671,18.072,2.709,0,4.491,0,19.51,4.296,0,3.732,6.195,3.214,0,0,2.256,0.135,1.544,7.119,7.035,0.728,0,0,0.519,17.43,0,15.018,3.72,2.004,2.791,1.003,1,2.833,0.228,9.528,4.014,1.374,5.492,0.322,17.95,0.607,3.463,0.633,0.518,14.153,0,2.494
C176,13.2,7.466,10.839,3.72,7.143,11.57,13.779,0.545,4.293,3.373,3.087,0.835,0.79,8.096,10.015,6.663,1.351,0.484,1.211,1.726,14.581,0.074,1.224,0.167,2.3,3.919,1.462,2.068,0.422,6.38,1.704,0.668,2.223,0,0.352,0.083,4.696,0,0.153,4.449,20.198,5.439,9.688,3.824,10.793,17.409,0.067,0.593,1.384,1.188,0.101,19.616,6.272,7.57,2.815,2.246,3.437,2.396,1.39,0,3.308,0.349,1.895,1.597,0,1.471,2.016,2.733,1.219,0.368,1.679,0.715,0,5.319,2.641,0,0.802,0.405,0.71,13.589,0.311,9.174,4.179,2.634,2.072,0.545,0.622,4.136,0.106,3.867,4.428,1.678,13.371,2.712,32.43,1.318,3.078,0,2.215,5.972,0,2.198
C177,13.13,5.411,13.009,4.781,9.038,15.141,14.379,0.569,6.35,3.249,2.254,1.299,0.151,6.547,13.544,0.33,1.003,0.484,0.984,0.333,4.103,0,1.69,0.321,1.52,1.375,0.544,3.627,0,5.112,2.356,0,0.658,0,0,0.406,8.173,0.936,1.474,3.814,10.997,6.111,8.168,3.125,13.946,11.05,0.272,0.368,2.313,0,0,111.254,6.55,9.466,2.086,0.356,4.733,1.637,1.434,0.155,4.173,0,0.365,4.562,0,2.418,2.206,2.892,0,0,0.539,0,0.193,0.353,4.741,0.591,0.296,0,0.779,22.063,0.076,13.532,5.619,0.333,1.32,1.175,1.063,3.201,0,1.397,4.005,4.097,9.497,0,33.692,0.438,5.202,0,0.774,6.172,0,1.457
C178,9.477,4.887,11.881,3.195,5.669,9.866,11.099,0.761,1.988,1.224,1.373,2.46,0.553,5.244,11.408,0.092,0.569,0.241,0.206,0,4.265,0,0.923,0.187,0,2.293,1.988,0.242,0.136,7.946,0,0.317,1.345,0,0,0,1.999,0,0.597,8.218,3.293,5.777,6.678,2.859,10.846,12.309,0.374,0.136,0,0,0,34.859,0.749,7.081,2.173,0.712,2.206,1.107,0.715,0.364,4.113,0,0.259,0,0,2.853,0,4.097,0,0,0.688,0,0,2.438,1.656,0,0,0,0.478,15.769,0,12.563,5.854,0.374,2.325,0.459,0.673,3.374,1.828,0.346,4.414,4.602,2.059,0,19.789,0.12,2.093,0,0,1.167,0,1.454
C179,10.415,35.191,12.545,5.207,6.528,9.499,11.35,0.622,15.335,18.388,13.149,1.563,4.473,6.731,9.644,82.791,0.136,1.937,4.27,1.283,44.981,0.245,0.793,0.385,5.339,7.866,0.702,1.416,5.152,14.265,3.429,5.213,2.258,0,0.19,0.075,7.969,3.49,1.623,3.733,17.432,5.966,9.473,6.337,9.317,2.912,5.893,0.287,2.175,0.684,0,11.451,4.759,12.097,2.134,11.696,1.629,10.252,5.065,0,4.16,2.478,0.901,7.698,2.161,0.892,6.624,3.07,3.062,0,21.341,1.203,3.995,20.332,16.268,0.328,6.647,0,0.652,13.331,1.975,14.88,4.618,1.237,5.32,1.384,1.141,2.259,0.847,12.444,4.71,3.026,8.422,100.012,11.126,1.919,0.945,0.633,3.258,8.117,0,144.843
C180,8.389,29.643,12.176,4.442,6.027,9.614,10.041,0.219,12.92,12.772,7.513,1.262,1.094,2.236,8.614,0.449,0.55,2.906,0.984,15.882,38.731,0.1,6.964,0.067,9.746,7.995,0.121,4.201,1.386,22.202,5.043,2.547,1.537,0,0,0.662,12.52,3.03,4.105,5.207,5.339,6.077,7.276,7.346,9.445,6.671,1.751,0.492,3.753,1.736,0,15.038,6.691,32.054,3.002,5.563,1.975,10.628,1.697,0.181,3.785,2.627,12.271,17.881,4.018,1.455,4.435,5.498,2.937,0.121,14.098,1.411,2.21,4.588,11.762,2.756,3.903,0,0.575,12.753,0,13.307,5.788,4.121,2.692,1.127,0.911,2.701,0.202,14.742,5.965,5.119,3.802,0.424,4.516,6.185,5.093,0,2.394,18.922,0.42,3.414
C181,7.583,6.407,10.691,5.331,5.702,8.652,9.021,0.346,9.324,11.695,5.777,1.078,1.296,0.853,9.449,1.601,0.272,0.684,1.376,15.886,8.848,0.255,10.64,0,4.165,5.186,0.282,1.976,0.299,12.624,6.942,0.524,1.305,0,0,0,17.446,1.347,1.696,4.695,6.756,5.795,6.807,9.187,7.483,0.401,3.053,0,4.008,0.312,0,9.721,6.933,20.51,3.02,3.909,2.239,16.718,0.62,0,4.185,0,17.214,4.898,0.733,0.689,4.197,2.667,2.167,0,3.716,0.651,0.625,0.891,6.316,0.394,0.805,0,0.535,16.21,0,12.952,4.567,2.529,2.3,0.89,3.431,4.285,0.413,5.804,2.597,4.316,1.513,0,2.06,2.97,2.124,0,0.796,6.064,0,3.173
C182,5.848,71.722,9.446,3.024,3.9,4.524,4.35,0.282,0.513,0.994,1.13,0.924,11.632,0.82,3.638,172.829,0.64,0.363,0.493,4.723,67.827,0,1.144,0.699,1.863,1.162,0.133,1.114,6.878,10.6,0,19.832,0.322,0,0,0,4.512,1.684,3.663,2.001,4.186,3.895,6.307,5.115,4.309,0.995,1.002,0.253,0.346,0.868,0,3.263,4.929,22.271,2.514,12.399,0.913,26.608,0.586,0,1.286,8.131,2.949,0.365,0,1.208,1.983,2.733,0,0.311,44.926,0,0,58.326,0,0.787,11.066,0,1.457,7.791,0,5.612,2.05,1.256,5.206,0.206,1.13,3.433,0.712,15.112,1.852,1.353,2.023,488.64,4.337,0.41,1.067,0,2.783,5.542,0,496.009
C183,8.145,20.324,11.306,4.002,6.792,9.06,9.982,0.481,44.433,39.667,27.666,2.043,2.853,0.958,6.687,9.875,1.388,8.441,3.937,4.536,38.113,0.255,1.915,0.438,9.187,9.041,0.563,1.912,2.108,14.656,16.533,4.567,0.562,0,0.164,0.329,16.657,6.599,5.463,4.278,6.194,2.602,3.811,9.724,8.582,8.564,4.651,0.11,7.979,2.054,1.408,5.163,5.395,21.63,1.816,19.378,2.686,17.109,1.698,0.122,3.31,2.048,3.765,25.754,0.366,1.103,6.775,10.961,0.905,0.122,9.58,1.354,0.965,4.284,21.932,1.47,7.999,0,0.16,14.369,0.336,11.721,3.984,1.94,2.604,1.277,4.787,2.941,1.263,9.765,3.058,2.176,2.946,9.082,3.183,4.257,3.691,0,6.422,10.453,0.734,11.71
C184,2.943,0.347,2.561,0.534,0.256,0.615,0.754,0,0.313,0,0.368,0.146,0,0.06,0.691,0,0,0,0,0,0.176,0,0.255,0.157,0.257,0,0,0.188,0,0.699,0,0,0,0,0,0,0.669,0,0,0.167,0.362,0.192,0.481,0.34,0.361,0,0,0.115,0,0.53,0,0.831,0.482,0.706,0.214,0.178,0.111,0.36,0,0,0.269,0,0,0,0,0,0,0.246,0,0,0.939,0,0,0,0,0,0,0,0,1.529,0,0.469,0,0,0.31,0,0,0,0,0,0,0,0,0,0,0,0.716,0,0,0.417,0,0
C197,23.142,30.82,20.771,8.517,49.57,23.369,23.865,1.647,0.045,0.297,0.06,1.925,3.672,4.66,23.32,1.048,0.494,0,0,0,7.562,0,0.129,0.685,0,4.469,1.552,3.644,2.909,28.582,0,3.709,8.077,0,0.123,0.843,19.819,0,1.007,8.64,65.846,8.856,27.963,1.997,14.813,15.152,0.064,2.185,0,0.347,0.802,11.237,3.245,25.17,3.634,1.898,9.696,4.536,0.348,0,3.315,5.004,0.148,0,0,1.048,8.479,1.598,0,0,63.54,7.264,0,246.118,0.391,3.476,2.112,0,0.333,24.268,28.407,21.889,9.323,5.757,4.192,0.639,1.413,4.438,0.228,377.845,7.681,8.928,3.238,1.521,0.481,0.582,5.16,9.025,0,14.078,0,4.719
C198,21.979,80.638,22.323,25.286,108.206,20.248,23.621,2.004,0.114,0.226,0.118,1.749,39.721,3.76,20.768,1.094,0.409,0,0,0.18,629.547,0.12,0.094,25.857,0,3.807,0.945,3.452,2.607,73.557,0,4.956,5.963,0,1.013,0.189,31.625,0,0.413,7.914,105.318,4.437,26.026,4.237,14.465,11.071,1.06,0.646,0,0,0.941,17.725,4.53,83.71,4.819,2.795,8.416,7.765,1.048,0,5.964,22.091,0.324,0.725,0,0.357,5.701,2.576,0,0,154.211,3.673,0,120,0,1.534,2.906,0.2,0.867,28.18,15.195,22.014,7.443,3.894,4.201,0.387,2.161,7.065,0,173.496,4.039,5.981,2.7,3.27,0.776,1.513,5.76,5.827,0,22.914,0,4.87
C199,1.027,14.777,2.381,2.009,3.762,0.737,1.249,0.255,0,0,0,0.086,3.046,0,0.987,0,0,0,0,0,95.533,0,0,1.429,0.272,0,0,0,3.498,0.306,0,3.252,0.157,0,0,0,1.204,0,0,0.95,4.679,0.28,2.091,0,0,0,0.143,0,0,0,0,0.716,0.435,0.177,1.066,3.139,0.152,0,0,0,0.287,2.091,0,0,0,0,0,0,0,0,51.949,0,0,172.433,0,0.394,2.274,0,0,1.497,0,1.381,0.089,0,0.935,0,0,1.209,0,233.709,0.271,0.174,0,1.424,0,0,0.143,0.424,0,0.742,0,0.787
C200,12.359,11.663,11.023,5.636,33.001,14.895,13.058,3.113,0.37,0.67,0.772,1.272,2.394,0.702,12.686,0,5.269,0,0,0,131.916,0,0.371,0.681,0.257,14.918,3.202,19.818,1.98,76.529,0,1.561,1.082,0,0.161,0.075,257.813,0,2.829,4.344,8.958,4.887,5.67,2.38,6.099,130.276,0.746,0.757,0,0.15,1.678,2.5,2.519,2.025,5.869,1.432,4.941,27.324,3.08,0.364,4.007,3.011,0.81,2.758,0,1.373,2.118,1.859,0,0.746,20.387,15.17,0,45.949,0,0,2.726,0,1.738,18.286,0.61,13.473,4.385,1.851,10.584,0.166,4.726,4.832,0,60.716,2.229,2.493,1.619,3.089,1.345,0.071,2.522,1.335,0,61.803,0,2.475
C201,16.641,5.073,13.311,4.11,19.731,18.335,17.532,2.977,0.215,0.166,0.487,2.147,1.041,1.965,18.956,0.195,13.091,0,0,0,11.306,0.383,0.729,0.176,0.514,3.993,6.569,12.16,1.771,111.874,0.129,0,0.691,0,0.209,0.301,304.623,0.09,1.94,3.592,4.061,6.85,6.276,4.152,10.209,24.909,0,0.297,0,0.347,0.462,0.996,2.204,4.369,3.912,0,6.936,30.716,5.279,0,4.148,0.344,1.286,4.071,0,6.163,3.21,2.625,0,0,3.506,4.627,0.324,7.112,0.391,4.033,0,0,4.112,18.366,0.313,19.31,5.519,0.773,7.549,0.385,5.709,4.338,0.232,5.844,3.52,3.799,1.601,0,1.169,0,1.518,1.599,0.581,24.558,0,1.238
C202,0.493,0.418,0.469,0,0.028,0.608,0.596,0.415,0.028,0,0,0,0,0.158,0.561,0,2.614,0,0,0,0,0,0,0,0,0.24,2.119,0.877,0.273,3.191,0,0,0.158,0,0,0,9.957,0,0.338,0.438,0.504,0,0.68,0.68,0.422,0.342,0,0,0,0,0,0.15,0,0.353,0.159,0,0.361,0.36,0,0,0.345,0,0.174,0.73,0,0,0.368,0.067,0,0,0,0,0,0,0,0,0,0,0,1.272,0,1.059,0,0,0,0,0,0.364,0,0,0,0.337,0.167,0,0,0,0,0,0.32,2.828,0,0
C203,12.278,3.966,8.023,4.471,8.703,18.503,13.047,4.297,0.536,0.348,0.226,1.007,0.736,1.205,13.823,0.539,12.525,0,0,0,4.86,0.621,0.248,0,1.105,8.957,10.577,6.417,1.146,54.32,0,0,0.419,0,0.984,0.083,156.21,0,1.842,2.802,2.847,3.264,4.103,3.137,3.345,3.581,0.11,0.345,0,1.733,0,4.167,1.221,3.755,2.541,1.068,3.913,30.164,1.248,0.227,3.55,0,0.539,18.905,0,1.712,0.866,1.7,0,0,0.554,13.558,0.3,2.415,0,1.891,0,0,7.896,13.303,0.206,12.279,3.255,0.647,5.32,0,2.365,4.095,1.441,1.556,1.093,3.741,0.909,0,1.889,0.152,1.314,1.148,2.344,14.508,0,4.201
C204,33.446,6.083,26.774,5.701,21.053,38.434,37.371,7.832,0.065,0.384,0.326,1.221,1.242,1.392,33.36,0.181,27.815,0,0,0.305,2.556,0.44,0.579,0.202,0,0.197,19.669,4.768,0.595,46.267,0,0,2.999,0,0.242,0.976,99.793,0,0.436,14.882,10.06,21.673,20.982,2.011,27.729,0.846,0,0.155,0,0.347,0,2.237,1.735,1.94,3.656,0.677,17.555,3.409,8.859,0,12.259,0.165,1.251,2.718,0,9.157,0.368,4.065,0,0.118,0,0,0,0.477,0,0.682,0,0,0.331,40.861,2.846,38.261,17.279,0.826,4.007,0.133,5.269,2.777,0,0.948,12.386,19.314,1.903,0,2.673,0.142,9.349,0,2.686,0.628,0,11.611
C205,18.072,5.245,16.688,4.682,12.078,21.57,29.082,7.115,0.162,0.103,0.121,3.631,1.221,1.596,32.551,0,74.738,0,0,0.37,1.572,0.224,1.179,0.087,0.201,2.89,50.215,6.286,0.812,13.876,0,0,0.663,11.033,0,1.798,104.62,0,1.153,5.631,4.194,12.347,6.748,1.109,14.466,1.027,0.261,2.284,0,0.346,0,5.44,4.735,2.541,1.366,0,10.167,19.031,5.656,0,5.154,0.172,2.956,4.238,0,9.371,4.924,4.822,0,0,0.15,2.682,0,0.778,0,12.564,0,0,0.37,30.23,1.122,14.679,3.069,0,3.512,0,2.583,3.422,0.939,0,2.414,4.113,5.548,0,6.687,1.024,3.867,9.627,0.52,37.286,0,3.608
C206,23.108,7.315,22.306,5.03,15.203,25.005,28.195,7.418,0.04,0.21,0.122,2.609,0.945,2.921,33.034,0.736,40.837,0,0,0.217,1.884,2.048,1.276,0,0.661,2.552,31.135,9.604,0.58,29.163,0,0,1.49,12.469,0.357,0.649,151.418,0,0.9,6.42,7.28,10.322,6.056,0.909,11.366,1.541,0,6.922,0,1.215,0.119,6.135,3.079,3.529,1.769,0.498,12.028,35.914,6.359,0,5.912,0,2.345,2.648,0,10.276,1.467,5.511,0,0,1.514,0,0,0,0.391,15.42,0,0.12,1.164,51.504,1.584,25.318,4.649,3.175,4.62,0.121,3.173,4.575,0.565,0.491,4.393,5.338,5.556,4.313,2.626,0.777,2.851,12.38,2.043,36.081,0,10.596
C207,20.024,6.813,18.273,5.419,11.297,21.917,25.905,4.399,0,0.251,0.209,2.018,0.743,1.575,32.673,0.107,29.654,0.111,0,0.37,0.615,0.718,0.195,0,0.643,1.13,18.78,5.447,0.146,26.965,0,0,0.7,5.137,0.115,0.662,103.224,0,0.355,5.64,3.226,7.94,4.539,1.932,9.686,1.199,0.131,9.555,0,0,0,4.528,3.388,4.728,1.074,0.089,4.901,24.62,2.447,0,5.61,0,0.787,1.095,0,2.735,0.599,4.082,0,0,0.15,0,0,0.235,0,1.622,0,0,2.558,47.276,0,16.049,1.598,1.293,12.952,0.382,3.491,5.928,0.166,1.046,3.517,3.274,5.216,0,1.214,0.391,2.358,0.633,2.738,16.914,0,1.722
C208,17.95,5.2,14.95,4.945,11.888,22.976,17.54,4.557,0.162,0.115,0.061,1.506,0.22,1.409,23.549,0.303,23.968,0,0,0.187,1.206,0.254,0.334,0.114,0.051,1.613,16.895,5.616,0.589,32.794,0,0,1.33,6.192,0.631,0.424,107.407,0,0.164,6.115,2.542,5.31,4.703,4.461,9.242,0.936,0,23.164,0,0,0.144,5.745,1.861,1.896,0.437,0,8.051,33.831,0.668,0,4.114,0,0.989,2.007,0,1.827,0.131,4.725,0,0,0,0.766,0,0.366,0,1.556,0,0,1.003,39.525,0,14.405,2.991,0.92,4.291,0.148,1.59,3.525,0,1.667,3.465,4.903,3.084,0,1.921,0,3.286,0,1.052,20.986,0,2.025
